<Anims>
 <anim name="idle" root="stockings_playful" numframes="1000" framerate="40">
  <frame idx="0" w="78" h="138" x="-7.044501" y="-50.999260">
   <element name="foot" layername="foot" frame="5" z_index="1" m_a="0.855599" m_b="0.517639" m_c="-0.517639" m_d="0.855599" m_tx="31.095699" m_ty="-4.173640"/>
   <element name="leg" layername="leg" frame="0" z_index="2" m_a="0.218445" m_b="-0.975849" m_c="0.975849" m_d="0.218445" m_tx="-19.600800" m_ty="-10.014200"/>
   <element name="foot" layername="foot" frame="4" z_index="3" m_a="0.081038" m_b="0.996711" m_c="0.996711" m_d="-0.081038" m_tx="27.085199" m_ty="14.033700"/>
   <element name="leg" layername="leg" frame="0" z_index="4" m_a="-0.303618" m_b="-0.952794" m_c="0.952794" m_d="-0.303618" m_tx="-14.243600" m_ty="0.576923"/>
  </frame>
  <frame idx="25" w="78" h="138" x="-7.044501" y="-50.999260">
   <element name="foot" layername="foot" frame="5" z_index="1" m_a="0.855599" m_b="0.517639" m_c="-0.517639" m_d="0.855599" m_tx="31.095699" m_ty="-4.173640"/>
   <element name="leg" layername="leg" frame="0" z_index="2" m_a="0.218445" m_b="-0.975849" m_c="0.975849" m_d="0.218445" m_tx="-19.600800" m_ty="-10.014200"/>
   <element name="foot" layername="foot" frame="4" z_index="3" m_a="0.081038" m_b="0.996711" m_c="0.996711" m_d="-0.081038" m_tx="27.085199" m_ty="14.033700"/>
   <element name="leg" layername="leg" frame="0" z_index="4" m_a="-0.303618" m_b="-0.952794" m_c="0.952794" m_d="-0.303618" m_tx="-14.243600" m_ty="0.576923"/>
  </frame>
  <frame idx="50" w="78" h="138" x="-7.044501" y="-50.999260">
   <element name="foot" layername="foot" frame="5" z_index="1" m_a="0.855599" m_b="0.517639" m_c="-0.517639" m_d="0.855599" m_tx="31.095699" m_ty="-4.173640"/>
   <element name="leg" layername="leg" frame="0" z_index="2" m_a="0.218445" m_b="-0.975849" m_c="0.975849" m_d="0.218445" m_tx="-19.600800" m_ty="-10.014200"/>
   <element name="foot" layername="foot" frame="4" z_index="3" m_a="0.081038" m_b="0.996711" m_c="0.996711" m_d="-0.081038" m_tx="27.085199" m_ty="14.033700"/>
   <element name="leg" layername="leg" frame="0" z_index="4" m_a="-0.303618" m_b="-0.952794" m_c="0.952794" m_d="-0.303618" m_tx="-14.243600" m_ty="0.576923"/>
  </frame>
  <frame idx="75" w="78" h="138" x="-7.044501" y="-50.999260">
   <element name="foot" layername="foot" frame="5" z_index="1" m_a="0.855599" m_b="0.517639" m_c="-0.517639" m_d="0.855599" m_tx="31.095699" m_ty="-4.173640"/>
   <element name="leg" layername="leg" frame="0" z_index="2" m_a="0.218445" m_b="-0.975849" m_c="0.975849" m_d="0.218445" m_tx="-19.600800" m_ty="-10.014200"/>
   <element name="foot" layername="foot" frame="4" z_index="3" m_a="0.081038" m_b="0.996711" m_c="0.996711" m_d="-0.081038" m_tx="27.085199" m_ty="14.033700"/>
   <element name="leg" layername="leg" frame="0" z_index="4" m_a="-0.303618" m_b="-0.952794" m_c="0.952794" m_d="-0.303618" m_tx="-14.243600" m_ty="0.576923"/>
  </frame>
  <frame idx="100" w="78" h="138" x="-7.044501" y="-50.999260">
   <element name="foot" layername="foot" frame="5" z_index="1" m_a="0.855599" m_b="0.517639" m_c="-0.517639" m_d="0.855599" m_tx="31.095699" m_ty="-4.173640"/>
   <element name="leg" layername="leg" frame="0" z_index="2" m_a="0.218445" m_b="-0.975849" m_c="0.975849" m_d="0.218445" m_tx="-19.600800" m_ty="-10.014200"/>
   <element name="foot" layername="foot" frame="4" z_index="3" m_a="0.081038" m_b="0.996711" m_c="0.996711" m_d="-0.081038" m_tx="27.085199" m_ty="14.033700"/>
   <element name="leg" layername="leg" frame="0" z_index="4" m_a="-0.303618" m_b="-0.952794" m_c="0.952794" m_d="-0.303618" m_tx="-14.243600" m_ty="0.576923"/>
  </frame>
  <frame idx="125" w="78" h="138" x="-7.044501" y="-50.999260">
   <element name="foot" layername="foot" frame="5" z_index="1" m_a="0.855599" m_b="0.517639" m_c="-0.517639" m_d="0.855599" m_tx="31.095699" m_ty="-4.173640"/>
   <element name="leg" layername="leg" frame="0" z_index="2" m_a="0.218445" m_b="-0.975849" m_c="0.975849" m_d="0.218445" m_tx="-19.600800" m_ty="-10.014200"/>
   <element name="foot" layername="foot" frame="4" z_index="3" m_a="0.081038" m_b="0.996711" m_c="0.996711" m_d="-0.081038" m_tx="27.085199" m_ty="14.033700"/>
   <element name="leg" layername="leg" frame="0" z_index="4" m_a="-0.303618" m_b="-0.952794" m_c="0.952794" m_d="-0.303618" m_tx="-14.243600" m_ty="0.576923"/>
  </frame>
  <frame idx="150" w="78" h="138" x="-7.044501" y="-50.999260">
   <element name="foot" layername="foot" frame="5" z_index="1" m_a="0.855599" m_b="0.517639" m_c="-0.517639" m_d="0.855599" m_tx="31.095699" m_ty="-4.173640"/>
   <element name="leg" layername="leg" frame="0" z_index="2" m_a="0.218445" m_b="-0.975849" m_c="0.975849" m_d="0.218445" m_tx="-19.600800" m_ty="-10.014200"/>
   <element name="foot" layername="foot" frame="4" z_index="3" m_a="0.081038" m_b="0.996711" m_c="0.996711" m_d="-0.081038" m_tx="27.085199" m_ty="14.033700"/>
   <element name="leg" layername="leg" frame="0" z_index="4" m_a="-0.303618" m_b="-0.952794" m_c="0.952794" m_d="-0.303618" m_tx="-14.243600" m_ty="0.576923"/>
  </frame>
  <frame idx="175" w="78" h="138" x="-7.044501" y="-50.999260">
   <element name="foot" layername="foot" frame="5" z_index="1" m_a="0.855599" m_b="0.517639" m_c="-0.517639" m_d="0.855599" m_tx="31.095699" m_ty="-4.173640"/>
   <element name="leg" layername="leg" frame="0" z_index="2" m_a="0.218445" m_b="-0.975849" m_c="0.975849" m_d="0.218445" m_tx="-19.600800" m_ty="-10.014200"/>
   <element name="foot" layername="foot" frame="4" z_index="3" m_a="0.081038" m_b="0.996711" m_c="0.996711" m_d="-0.081038" m_tx="27.085199" m_ty="14.033700"/>
   <element name="leg" layername="leg" frame="0" z_index="4" m_a="-0.303618" m_b="-0.952794" m_c="0.952794" m_d="-0.303618" m_tx="-14.243600" m_ty="0.576923"/>
  </frame>
  <frame idx="200" w="78" h="138" x="-7.044501" y="-50.999260">
   <element name="foot" layername="foot" frame="5" z_index="1" m_a="0.855599" m_b="0.517639" m_c="-0.517639" m_d="0.855599" m_tx="31.095699" m_ty="-4.173640"/>
   <element name="leg" layername="leg" frame="0" z_index="2" m_a="0.218445" m_b="-0.975849" m_c="0.975849" m_d="0.218445" m_tx="-19.600800" m_ty="-10.014200"/>
   <element name="foot" layername="foot" frame="4" z_index="3" m_a="0.081038" m_b="0.996711" m_c="0.996711" m_d="-0.081038" m_tx="27.085199" m_ty="14.033700"/>
   <element name="leg" layername="leg" frame="0" z_index="4" m_a="-0.303618" m_b="-0.952794" m_c="0.952794" m_d="-0.303618" m_tx="-14.243600" m_ty="0.576923"/>
  </frame>
  <frame idx="225" w="78" h="138" x="-7.044501" y="-50.999260">
   <element name="foot" layername="foot" frame="5" z_index="1" m_a="0.855599" m_b="0.517639" m_c="-0.517639" m_d="0.855599" m_tx="31.095699" m_ty="-4.173640"/>
   <element name="leg" layername="leg" frame="0" z_index="2" m_a="0.218445" m_b="-0.975849" m_c="0.975849" m_d="0.218445" m_tx="-19.600800" m_ty="-10.014200"/>
   <element name="foot" layername="foot" frame="4" z_index="3" m_a="0.081038" m_b="0.996711" m_c="0.996711" m_d="-0.081038" m_tx="27.085199" m_ty="14.033700"/>
   <element name="leg" layername="leg" frame="0" z_index="4" m_a="-0.303618" m_b="-0.952794" m_c="0.952794" m_d="-0.303618" m_tx="-14.243600" m_ty="0.576923"/>
  </frame>
  <frame idx="250" w="78" h="138" x="-7.044501" y="-50.999260">
   <element name="foot" layername="foot" frame="5" z_index="1" m_a="0.855599" m_b="0.517639" m_c="-0.517639" m_d="0.855599" m_tx="31.095699" m_ty="-4.173640"/>
   <element name="leg" layername="leg" frame="0" z_index="2" m_a="0.218445" m_b="-0.975849" m_c="0.975849" m_d="0.218445" m_tx="-19.600800" m_ty="-10.014200"/>
   <element name="foot" layername="foot" frame="4" z_index="3" m_a="0.081038" m_b="0.996711" m_c="0.996711" m_d="-0.081038" m_tx="27.085199" m_ty="14.033700"/>
   <element name="leg" layername="leg" frame="0" z_index="4" m_a="-0.303618" m_b="-0.952794" m_c="0.952794" m_d="-0.303618" m_tx="-14.243600" m_ty="0.576923"/>
  </frame>
  <frame idx="275" w="78" h="138" x="-7.044501" y="-50.999260">
   <element name="foot" layername="foot" frame="5" z_index="1" m_a="0.855599" m_b="0.517639" m_c="-0.517639" m_d="0.855599" m_tx="31.095699" m_ty="-4.173640"/>
   <element name="leg" layername="leg" frame="0" z_index="2" m_a="0.218445" m_b="-0.975849" m_c="0.975849" m_d="0.218445" m_tx="-19.600800" m_ty="-10.014200"/>
   <element name="foot" layername="foot" frame="4" z_index="3" m_a="0.081038" m_b="0.996711" m_c="0.996711" m_d="-0.081038" m_tx="27.085199" m_ty="14.033700"/>
   <element name="leg" layername="leg" frame="0" z_index="4" m_a="-0.303618" m_b="-0.952794" m_c="0.952794" m_d="-0.303618" m_tx="-14.243600" m_ty="0.576923"/>
  </frame>
  <frame idx="300" w="78" h="138" x="-7.044501" y="-50.999260">
   <element name="foot" layername="foot" frame="5" z_index="1" m_a="0.855599" m_b="0.517639" m_c="-0.517639" m_d="0.855599" m_tx="31.095699" m_ty="-4.173640"/>
   <element name="leg" layername="leg" frame="0" z_index="2" m_a="0.218445" m_b="-0.975849" m_c="0.975849" m_d="0.218445" m_tx="-19.600800" m_ty="-10.014200"/>
   <element name="foot" layername="foot" frame="4" z_index="3" m_a="0.081038" m_b="0.996711" m_c="0.996711" m_d="-0.081038" m_tx="27.085199" m_ty="14.033700"/>
   <element name="leg" layername="leg" frame="0" z_index="4" m_a="-0.303618" m_b="-0.952794" m_c="0.952794" m_d="-0.303618" m_tx="-14.243600" m_ty="0.576923"/>
  </frame>
  <frame idx="325" w="78" h="138" x="-7.044501" y="-50.999260">
   <element name="foot" layername="foot" frame="5" z_index="1" m_a="0.855599" m_b="0.517639" m_c="-0.517639" m_d="0.855599" m_tx="31.095699" m_ty="-4.173640"/>
   <element name="leg" layername="leg" frame="0" z_index="2" m_a="0.218445" m_b="-0.975849" m_c="0.975849" m_d="0.218445" m_tx="-19.600800" m_ty="-10.014200"/>
   <element name="foot" layername="foot" frame="4" z_index="3" m_a="0.081038" m_b="0.996711" m_c="0.996711" m_d="-0.081038" m_tx="27.085199" m_ty="14.033700"/>
   <element name="leg" layername="leg" frame="0" z_index="4" m_a="-0.303618" m_b="-0.952794" m_c="0.952794" m_d="-0.303618" m_tx="-14.243600" m_ty="0.576923"/>
  </frame>
  <frame idx="350" w="78" h="138" x="-7.044501" y="-50.999260">
   <element name="foot" layername="foot" frame="5" z_index="1" m_a="0.855599" m_b="0.517639" m_c="-0.517639" m_d="0.855599" m_tx="31.095699" m_ty="-4.173640"/>
   <element name="leg" layername="leg" frame="0" z_index="2" m_a="0.218445" m_b="-0.975849" m_c="0.975849" m_d="0.218445" m_tx="-19.600800" m_ty="-10.014200"/>
   <element name="foot" layername="foot" frame="4" z_index="3" m_a="0.081038" m_b="0.996711" m_c="0.996711" m_d="-0.081038" m_tx="27.085199" m_ty="14.033700"/>
   <element name="leg" layername="leg" frame="0" z_index="4" m_a="-0.303618" m_b="-0.952794" m_c="0.952794" m_d="-0.303618" m_tx="-14.243600" m_ty="0.576923"/>
  </frame>
  <frame idx="375" w="78" h="138" x="-7.044501" y="-50.999260">
   <element name="foot" layername="foot" frame="5" z_index="1" m_a="0.855599" m_b="0.517639" m_c="-0.517639" m_d="0.855599" m_tx="31.095699" m_ty="-4.173640"/>
   <element name="leg" layername="leg" frame="0" z_index="2" m_a="0.218445" m_b="-0.975849" m_c="0.975849" m_d="0.218445" m_tx="-19.600800" m_ty="-10.014200"/>
   <element name="foot" layername="foot" frame="4" z_index="3" m_a="0.081038" m_b="0.996711" m_c="0.996711" m_d="-0.081038" m_tx="27.085199" m_ty="14.033700"/>
   <element name="leg" layername="leg" frame="0" z_index="4" m_a="-0.303618" m_b="-0.952794" m_c="0.952794" m_d="-0.303618" m_tx="-14.243600" m_ty="0.576923"/>
  </frame>
  <frame idx="400" w="78" h="138" x="-7.044501" y="-50.999260">
   <element name="foot" layername="foot" frame="5" z_index="1" m_a="0.855599" m_b="0.517639" m_c="-0.517639" m_d="0.855599" m_tx="31.095699" m_ty="-4.173640"/>
   <element name="leg" layername="leg" frame="0" z_index="2" m_a="0.218445" m_b="-0.975849" m_c="0.975849" m_d="0.218445" m_tx="-19.600800" m_ty="-10.014200"/>
   <element name="foot" layername="foot" frame="4" z_index="3" m_a="0.081038" m_b="0.996711" m_c="0.996711" m_d="-0.081038" m_tx="27.085199" m_ty="14.033700"/>
   <element name="leg" layername="leg" frame="0" z_index="4" m_a="-0.303618" m_b="-0.952794" m_c="0.952794" m_d="-0.303618" m_tx="-14.243600" m_ty="0.576923"/>
  </frame>
  <frame idx="425" w="78" h="138" x="-7.044501" y="-50.999260">
   <element name="foot" layername="foot" frame="5" z_index="1" m_a="0.855599" m_b="0.517639" m_c="-0.517639" m_d="0.855599" m_tx="31.095699" m_ty="-4.173640"/>
   <element name="leg" layername="leg" frame="0" z_index="2" m_a="0.218445" m_b="-0.975849" m_c="0.975849" m_d="0.218445" m_tx="-19.600800" m_ty="-10.014200"/>
   <element name="foot" layername="foot" frame="4" z_index="3" m_a="0.081038" m_b="0.996711" m_c="0.996711" m_d="-0.081038" m_tx="27.085199" m_ty="14.033700"/>
   <element name="leg" layername="leg" frame="0" z_index="4" m_a="-0.303618" m_b="-0.952794" m_c="0.952794" m_d="-0.303618" m_tx="-14.243600" m_ty="0.576923"/>
  </frame>
  <frame idx="450" w="78" h="138" x="-7.044501" y="-50.999260">
   <element name="foot" layername="foot" frame="5" z_index="1" m_a="0.855599" m_b="0.517639" m_c="-0.517639" m_d="0.855599" m_tx="31.095699" m_ty="-4.173640"/>
   <element name="leg" layername="leg" frame="0" z_index="2" m_a="0.218445" m_b="-0.975849" m_c="0.975849" m_d="0.218445" m_tx="-19.600800" m_ty="-10.014200"/>
   <element name="foot" layername="foot" frame="4" z_index="3" m_a="0.081038" m_b="0.996711" m_c="0.996711" m_d="-0.081038" m_tx="27.085199" m_ty="14.033700"/>
   <element name="leg" layername="leg" frame="0" z_index="4" m_a="-0.303618" m_b="-0.952794" m_c="0.952794" m_d="-0.303618" m_tx="-14.243600" m_ty="0.576923"/>
  </frame>
  <frame idx="475" w="78" h="138" x="-7.044501" y="-50.999260">
   <element name="foot" layername="foot" frame="5" z_index="1" m_a="0.855599" m_b="0.517639" m_c="-0.517639" m_d="0.855599" m_tx="31.095699" m_ty="-4.173640"/>
   <element name="leg" layername="leg" frame="0" z_index="2" m_a="0.218445" m_b="-0.975849" m_c="0.975849" m_d="0.218445" m_tx="-19.600800" m_ty="-10.014200"/>
   <element name="foot" layername="foot" frame="4" z_index="3" m_a="0.081038" m_b="0.996711" m_c="0.996711" m_d="-0.081038" m_tx="27.085199" m_ty="14.033700"/>
   <element name="leg" layername="leg" frame="0" z_index="4" m_a="-0.303618" m_b="-0.952794" m_c="0.952794" m_d="-0.303618" m_tx="-14.243600" m_ty="0.576923"/>
  </frame>
  <frame idx="500" w="78" h="138" x="-7.044501" y="-50.999260">
   <element name="foot" layername="foot" frame="5" z_index="1" m_a="0.855599" m_b="0.517639" m_c="-0.517639" m_d="0.855599" m_tx="31.095699" m_ty="-4.173640"/>
   <element name="leg" layername="leg" frame="0" z_index="2" m_a="0.218445" m_b="-0.975849" m_c="0.975849" m_d="0.218445" m_tx="-19.600800" m_ty="-10.014200"/>
   <element name="foot" layername="foot" frame="4" z_index="3" m_a="0.081038" m_b="0.996711" m_c="0.996711" m_d="-0.081038" m_tx="27.085199" m_ty="14.033700"/>
   <element name="leg" layername="leg" frame="0" z_index="4" m_a="-0.303618" m_b="-0.952794" m_c="0.952794" m_d="-0.303618" m_tx="-14.243600" m_ty="0.576923"/>
  </frame>
  <frame idx="525" w="78" h="138" x="-7.044501" y="-50.999260">
   <element name="foot" layername="foot" frame="5" z_index="1" m_a="0.855599" m_b="0.517639" m_c="-0.517639" m_d="0.855599" m_tx="31.095699" m_ty="-4.173640"/>
   <element name="leg" layername="leg" frame="0" z_index="2" m_a="0.218445" m_b="-0.975849" m_c="0.975849" m_d="0.218445" m_tx="-19.600800" m_ty="-10.014200"/>
   <element name="foot" layername="foot" frame="4" z_index="3" m_a="0.081038" m_b="0.996711" m_c="0.996711" m_d="-0.081038" m_tx="27.085199" m_ty="14.033700"/>
   <element name="leg" layername="leg" frame="0" z_index="4" m_a="-0.303618" m_b="-0.952794" m_c="0.952794" m_d="-0.303618" m_tx="-14.243600" m_ty="0.576923"/>
  </frame>
  <frame idx="550" w="78" h="138" x="-7.044501" y="-50.999260">
   <element name="foot" layername="foot" frame="5" z_index="1" m_a="0.855599" m_b="0.517639" m_c="-0.517639" m_d="0.855599" m_tx="31.095699" m_ty="-4.173640"/>
   <element name="leg" layername="leg" frame="0" z_index="2" m_a="0.218445" m_b="-0.975849" m_c="0.975849" m_d="0.218445" m_tx="-19.600800" m_ty="-10.014200"/>
   <element name="foot" layername="foot" frame="4" z_index="3" m_a="0.081038" m_b="0.996711" m_c="0.996711" m_d="-0.081038" m_tx="27.085199" m_ty="14.033700"/>
   <element name="leg" layername="leg" frame="0" z_index="4" m_a="-0.303618" m_b="-0.952794" m_c="0.952794" m_d="-0.303618" m_tx="-14.243600" m_ty="0.576923"/>
  </frame>
  <frame idx="575" w="78" h="138" x="-7.044501" y="-50.999260">
   <element name="foot" layername="foot" frame="5" z_index="1" m_a="0.855599" m_b="0.517639" m_c="-0.517639" m_d="0.855599" m_tx="31.095699" m_ty="-4.173640"/>
   <element name="leg" layername="leg" frame="0" z_index="2" m_a="0.218445" m_b="-0.975849" m_c="0.975849" m_d="0.218445" m_tx="-19.600800" m_ty="-10.014200"/>
   <element name="foot" layername="foot" frame="4" z_index="3" m_a="0.081038" m_b="0.996711" m_c="0.996711" m_d="-0.081038" m_tx="27.085199" m_ty="14.033700"/>
   <element name="leg" layername="leg" frame="0" z_index="4" m_a="-0.303618" m_b="-0.952794" m_c="0.952794" m_d="-0.303618" m_tx="-14.243600" m_ty="0.576923"/>
  </frame>
  <frame idx="600" w="78" h="138" x="-7.044501" y="-50.999260">
   <element name="foot" layername="foot" frame="5" z_index="1" m_a="0.855599" m_b="0.517639" m_c="-0.517639" m_d="0.855599" m_tx="31.095699" m_ty="-4.173640"/>
   <element name="leg" layername="leg" frame="0" z_index="2" m_a="0.218445" m_b="-0.975849" m_c="0.975849" m_d="0.218445" m_tx="-19.600800" m_ty="-10.014200"/>
   <element name="foot" layername="foot" frame="4" z_index="3" m_a="0.081038" m_b="0.996711" m_c="0.996711" m_d="-0.081038" m_tx="27.085199" m_ty="14.033700"/>
   <element name="leg" layername="leg" frame="0" z_index="4" m_a="-0.303618" m_b="-0.952794" m_c="0.952794" m_d="-0.303618" m_tx="-14.243600" m_ty="0.576923"/>
  </frame>
  <frame idx="625" w="78" h="138" x="-7.044501" y="-50.999260">
   <element name="foot" layername="foot" frame="5" z_index="1" m_a="0.855599" m_b="0.517639" m_c="-0.517639" m_d="0.855599" m_tx="31.095699" m_ty="-4.173640"/>
   <element name="leg" layername="leg" frame="0" z_index="2" m_a="0.218445" m_b="-0.975849" m_c="0.975849" m_d="0.218445" m_tx="-19.600800" m_ty="-10.014200"/>
   <element name="foot" layername="foot" frame="4" z_index="3" m_a="0.081038" m_b="0.996711" m_c="0.996711" m_d="-0.081038" m_tx="27.085199" m_ty="14.033700"/>
   <element name="leg" layername="leg" frame="0" z_index="4" m_a="-0.303618" m_b="-0.952794" m_c="0.952794" m_d="-0.303618" m_tx="-14.243600" m_ty="0.576923"/>
  </frame>
  <frame idx="650" w="78" h="138" x="-7.044501" y="-50.999260">
   <element name="foot" layername="foot" frame="5" z_index="1" m_a="0.855599" m_b="0.517639" m_c="-0.517639" m_d="0.855599" m_tx="31.095699" m_ty="-4.173640"/>
   <element name="leg" layername="leg" frame="0" z_index="2" m_a="0.218445" m_b="-0.975849" m_c="0.975849" m_d="0.218445" m_tx="-19.600800" m_ty="-10.014200"/>
   <element name="foot" layername="foot" frame="4" z_index="3" m_a="0.081038" m_b="0.996711" m_c="0.996711" m_d="-0.081038" m_tx="27.085199" m_ty="14.033700"/>
   <element name="leg" layername="leg" frame="0" z_index="4" m_a="-0.303618" m_b="-0.952794" m_c="0.952794" m_d="-0.303618" m_tx="-14.243600" m_ty="0.576923"/>
  </frame>
  <frame idx="675" w="78" h="138" x="-7.044501" y="-50.999260">
   <element name="foot" layername="foot" frame="5" z_index="1" m_a="0.855599" m_b="0.517639" m_c="-0.517639" m_d="0.855599" m_tx="31.095699" m_ty="-4.173640"/>
   <element name="leg" layername="leg" frame="0" z_index="2" m_a="0.218445" m_b="-0.975849" m_c="0.975849" m_d="0.218445" m_tx="-19.600800" m_ty="-10.014200"/>
   <element name="foot" layername="foot" frame="4" z_index="3" m_a="0.081038" m_b="0.996711" m_c="0.996711" m_d="-0.081038" m_tx="27.085199" m_ty="14.033700"/>
   <element name="leg" layername="leg" frame="0" z_index="4" m_a="-0.303618" m_b="-0.952794" m_c="0.952794" m_d="-0.303618" m_tx="-14.243600" m_ty="0.576923"/>
  </frame>
  <frame idx="700" w="78" h="138" x="-7.044501" y="-50.999260">
   <element name="foot" layername="foot" frame="5" z_index="1" m_a="0.855599" m_b="0.517639" m_c="-0.517639" m_d="0.855599" m_tx="31.095699" m_ty="-4.173640"/>
   <element name="leg" layername="leg" frame="0" z_index="2" m_a="0.218445" m_b="-0.975849" m_c="0.975849" m_d="0.218445" m_tx="-19.600800" m_ty="-10.014200"/>
   <element name="foot" layername="foot" frame="4" z_index="3" m_a="0.081038" m_b="0.996711" m_c="0.996711" m_d="-0.081038" m_tx="27.085199" m_ty="14.033700"/>
   <element name="leg" layername="leg" frame="0" z_index="4" m_a="-0.303618" m_b="-0.952794" m_c="0.952794" m_d="-0.303618" m_tx="-14.243600" m_ty="0.576923"/>
  </frame>
  <frame idx="725" w="78" h="138" x="-7.044501" y="-50.999260">
   <element name="foot" layername="foot" frame="5" z_index="1" m_a="0.855599" m_b="0.517639" m_c="-0.517639" m_d="0.855599" m_tx="31.095699" m_ty="-4.173640"/>
   <element name="leg" layername="leg" frame="0" z_index="2" m_a="0.218445" m_b="-0.975849" m_c="0.975849" m_d="0.218445" m_tx="-19.600800" m_ty="-10.014200"/>
   <element name="foot" layername="foot" frame="4" z_index="3" m_a="0.081038" m_b="0.996711" m_c="0.996711" m_d="-0.081038" m_tx="27.085199" m_ty="14.033700"/>
   <element name="leg" layername="leg" frame="0" z_index="4" m_a="-0.303618" m_b="-0.952794" m_c="0.952794" m_d="-0.303618" m_tx="-14.243600" m_ty="0.576923"/>
  </frame>
  <frame idx="750" w="78" h="138" x="-7.044501" y="-50.999260">
   <element name="foot" layername="foot" frame="5" z_index="1" m_a="0.855599" m_b="0.517639" m_c="-0.517639" m_d="0.855599" m_tx="31.095699" m_ty="-4.173640"/>
   <element name="leg" layername="leg" frame="0" z_index="2" m_a="0.218445" m_b="-0.975849" m_c="0.975849" m_d="0.218445" m_tx="-19.600800" m_ty="-10.014200"/>
   <element name="foot" layername="foot" frame="4" z_index="3" m_a="0.081038" m_b="0.996711" m_c="0.996711" m_d="-0.081038" m_tx="27.085199" m_ty="14.033700"/>
   <element name="leg" layername="leg" frame="0" z_index="4" m_a="-0.303618" m_b="-0.952794" m_c="0.952794" m_d="-0.303618" m_tx="-14.243600" m_ty="0.576923"/>
  </frame>
  <frame idx="775" w="78" h="138" x="-7.044501" y="-50.999260">
   <element name="foot" layername="foot" frame="5" z_index="1" m_a="0.855599" m_b="0.517639" m_c="-0.517639" m_d="0.855599" m_tx="31.095699" m_ty="-4.173640"/>
   <element name="leg" layername="leg" frame="0" z_index="2" m_a="0.218445" m_b="-0.975849" m_c="0.975849" m_d="0.218445" m_tx="-19.600800" m_ty="-10.014200"/>
   <element name="foot" layername="foot" frame="4" z_index="3" m_a="0.081038" m_b="0.996711" m_c="0.996711" m_d="-0.081038" m_tx="27.085199" m_ty="14.033700"/>
   <element name="leg" layername="leg" frame="0" z_index="4" m_a="-0.303618" m_b="-0.952794" m_c="0.952794" m_d="-0.303618" m_tx="-14.243600" m_ty="0.576923"/>
  </frame>
  <frame idx="800" w="78" h="138" x="-7.044501" y="-50.999260">
   <element name="foot" layername="foot" frame="5" z_index="1" m_a="0.855599" m_b="0.517639" m_c="-0.517639" m_d="0.855599" m_tx="31.095699" m_ty="-4.173640"/>
   <element name="leg" layername="leg" frame="0" z_index="2" m_a="0.218445" m_b="-0.975849" m_c="0.975849" m_d="0.218445" m_tx="-19.600800" m_ty="-10.014200"/>
   <element name="foot" layername="foot" frame="4" z_index="3" m_a="0.081038" m_b="0.996711" m_c="0.996711" m_d="-0.081038" m_tx="27.085199" m_ty="14.033700"/>
   <element name="leg" layername="leg" frame="0" z_index="4" m_a="-0.303618" m_b="-0.952794" m_c="0.952794" m_d="-0.303618" m_tx="-14.243600" m_ty="0.576923"/>
  </frame>
  <frame idx="825" w="78" h="138" x="-7.044501" y="-50.999260">
   <element name="foot" layername="foot" frame="5" z_index="1" m_a="0.855599" m_b="0.517639" m_c="-0.517639" m_d="0.855599" m_tx="31.095699" m_ty="-4.173640"/>
   <element name="leg" layername="leg" frame="0" z_index="2" m_a="0.218445" m_b="-0.975849" m_c="0.975849" m_d="0.218445" m_tx="-19.600800" m_ty="-10.014200"/>
   <element name="foot" layername="foot" frame="4" z_index="3" m_a="0.081038" m_b="0.996711" m_c="0.996711" m_d="-0.081038" m_tx="27.085199" m_ty="14.033700"/>
   <element name="leg" layername="leg" frame="0" z_index="4" m_a="-0.303618" m_b="-0.952794" m_c="0.952794" m_d="-0.303618" m_tx="-14.243600" m_ty="0.576923"/>
  </frame>
  <frame idx="850" w="78" h="138" x="-7.044501" y="-50.999260">
   <element name="foot" layername="foot" frame="5" z_index="1" m_a="0.855599" m_b="0.517639" m_c="-0.517639" m_d="0.855599" m_tx="31.095699" m_ty="-4.173640"/>
   <element name="leg" layername="leg" frame="0" z_index="2" m_a="0.218445" m_b="-0.975849" m_c="0.975849" m_d="0.218445" m_tx="-19.600800" m_ty="-10.014200"/>
   <element name="foot" layername="foot" frame="4" z_index="3" m_a="0.081038" m_b="0.996711" m_c="0.996711" m_d="-0.081038" m_tx="27.085199" m_ty="14.033700"/>
   <element name="leg" layername="leg" frame="0" z_index="4" m_a="-0.303618" m_b="-0.952794" m_c="0.952794" m_d="-0.303618" m_tx="-14.243600" m_ty="0.576923"/>
  </frame>
  <frame idx="875" w="78" h="138" x="-7.044501" y="-50.999260">
   <element name="foot" layername="foot" frame="5" z_index="1" m_a="0.855599" m_b="0.517639" m_c="-0.517639" m_d="0.855599" m_tx="31.095699" m_ty="-4.173640"/>
   <element name="leg" layername="leg" frame="0" z_index="2" m_a="0.218445" m_b="-0.975849" m_c="0.975849" m_d="0.218445" m_tx="-19.600800" m_ty="-10.014200"/>
   <element name="foot" layername="foot" frame="4" z_index="3" m_a="0.081038" m_b="0.996711" m_c="0.996711" m_d="-0.081038" m_tx="27.085199" m_ty="14.033700"/>
   <element name="leg" layername="leg" frame="0" z_index="4" m_a="-0.303618" m_b="-0.952794" m_c="0.952794" m_d="-0.303618" m_tx="-14.243600" m_ty="0.576923"/>
  </frame>
  <frame idx="900" w="78" h="138" x="-7.044501" y="-50.999260">
   <element name="foot" layername="foot" frame="5" z_index="1" m_a="0.855599" m_b="0.517639" m_c="-0.517639" m_d="0.855599" m_tx="31.095699" m_ty="-4.173640"/>
   <element name="leg" layername="leg" frame="0" z_index="2" m_a="0.218445" m_b="-0.975849" m_c="0.975849" m_d="0.218445" m_tx="-19.600800" m_ty="-10.014200"/>
   <element name="foot" layername="foot" frame="4" z_index="3" m_a="0.081038" m_b="0.996711" m_c="0.996711" m_d="-0.081038" m_tx="27.085199" m_ty="14.033700"/>
   <element name="leg" layername="leg" frame="0" z_index="4" m_a="-0.303618" m_b="-0.952794" m_c="0.952794" m_d="-0.303618" m_tx="-14.243600" m_ty="0.576923"/>
  </frame>
  <frame idx="925" w="78" h="138" x="-7.044501" y="-50.999260">
   <element name="foot" layername="foot" frame="5" z_index="1" m_a="0.855599" m_b="0.517639" m_c="-0.517639" m_d="0.855599" m_tx="31.095699" m_ty="-4.173640"/>
   <element name="leg" layername="leg" frame="0" z_index="2" m_a="0.218445" m_b="-0.975849" m_c="0.975849" m_d="0.218445" m_tx="-19.600800" m_ty="-10.014200"/>
   <element name="foot" layername="foot" frame="4" z_index="3" m_a="0.081038" m_b="0.996711" m_c="0.996711" m_d="-0.081038" m_tx="27.085199" m_ty="14.033700"/>
   <element name="leg" layername="leg" frame="0" z_index="4" m_a="-0.303618" m_b="-0.952794" m_c="0.952794" m_d="-0.303618" m_tx="-14.243600" m_ty="0.576923"/>
  </frame>
  <frame idx="950" w="78" h="138" x="-7.044501" y="-50.999260">
   <element name="foot" layername="foot" frame="5" z_index="1" m_a="0.855599" m_b="0.517639" m_c="-0.517639" m_d="0.855599" m_tx="31.095699" m_ty="-4.173640"/>
   <element name="leg" layername="leg" frame="0" z_index="2" m_a="0.218445" m_b="-0.975849" m_c="0.975849" m_d="0.218445" m_tx="-19.600800" m_ty="-10.014200"/>
   <element name="foot" layername="foot" frame="4" z_index="3" m_a="0.081038" m_b="0.996711" m_c="0.996711" m_d="-0.081038" m_tx="27.085199" m_ty="14.033700"/>
   <element name="leg" layername="leg" frame="0" z_index="4" m_a="-0.303618" m_b="-0.952794" m_c="0.952794" m_d="-0.303618" m_tx="-14.243600" m_ty="0.576923"/>
  </frame>
  <frame idx="975" w="78" h="138" x="-7.044501" y="-50.999260">
   <element name="foot" layername="foot" frame="5" z_index="1" m_a="0.855599" m_b="0.517639" m_c="-0.517639" m_d="0.855599" m_tx="31.095699" m_ty="-4.173640"/>
   <element name="leg" layername="leg" frame="0" z_index="2" m_a="0.218445" m_b="-0.975849" m_c="0.975849" m_d="0.218445" m_tx="-19.600800" m_ty="-10.014200"/>
   <element name="foot" layername="foot" frame="4" z_index="3" m_a="0.081038" m_b="0.996711" m_c="0.996711" m_d="-0.081038" m_tx="27.085199" m_ty="14.033700"/>
   <element name="leg" layername="leg" frame="0" z_index="4" m_a="-0.303618" m_b="-0.952794" m_c="0.952794" m_d="-0.303618" m_tx="-14.243600" m_ty="0.576923"/>
  </frame>
 </anim>
</Anims>
