<Anims>
 <anim name="DoYouWannaLickMyDick" root="vibrator_dick" numframes="1000" framerate="40">
  <frame idx="0" w="87" h="84" x="-7.971508" y="-28.601021">
   <element name="dick" layername="dick" frame="0" z_index="2" m_a="1.000000" m_b="0.000000" m_c="0.000000" m_d="1.000000" m_tx="-36.471508" m_ty="-45.601021"/>
  </frame>
  <frame idx="25" w="87" h="84" x="-7.971508" y="-28.601021">
   <element name="dick" layername="dick" frame="0" z_index="2" m_a="1.000000" m_b="0.000000" m_c="0.000000" m_d="1.000000" m_tx="-36.471508" m_ty="-45.601021"/>
  </frame>
  <frame idx="50" w="87" h="84" x="-7.971508" y="-28.601021">
   <element name="dick" layername="dick" frame="0" z_index="2" m_a="1.000000" m_b="0.000000" m_c="0.000000" m_d="1.000000" m_tx="-36.471508" m_ty="-45.601021"/>
  </frame>
  <frame idx="75" w="87" h="84" x="-7.971508" y="-28.601021">
   <element name="dick" layername="dick" frame="0" z_index="2" m_a="1.000000" m_b="0.000000" m_c="0.000000" m_d="1.000000" m_tx="-36.471508" m_ty="-45.601021"/>
  </frame>
  <frame idx="100" w="87" h="84" x="-7.971508" y="-28.601021">
   <element name="dick" layername="dick" frame="0" z_index="2" m_a="1.000000" m_b="0.000000" m_c="0.000000" m_d="1.000000" m_tx="-36.471508" m_ty="-45.601021"/>
  </frame>
  <frame idx="125" w="87" h="84" x="-7.971508" y="-28.601021">
   <element name="dick" layername="dick" frame="0" z_index="2" m_a="1.000000" m_b="0.000000" m_c="0.000000" m_d="1.000000" m_tx="-36.471508" m_ty="-45.601021"/>
  </frame>
  <frame idx="150" w="87" h="84" x="-7.971508" y="-28.601021">
   <element name="dick" layername="dick" frame="0" z_index="2" m_a="1.000000" m_b="0.000000" m_c="0.000000" m_d="1.000000" m_tx="-36.471508" m_ty="-45.601021"/>
  </frame>
  <frame idx="175" w="87" h="84" x="-7.971508" y="-28.601021">
   <element name="dick" layername="dick" frame="0" z_index="2" m_a="1.000000" m_b="0.000000" m_c="0.000000" m_d="1.000000" m_tx="-36.471508" m_ty="-45.601021"/>
  </frame>
  <frame idx="200" w="87" h="84" x="-7.971508" y="-28.601021">
   <element name="dick" layername="dick" frame="0" z_index="2" m_a="1.000000" m_b="0.000000" m_c="0.000000" m_d="1.000000" m_tx="-36.471508" m_ty="-45.601021"/>
  </frame>
  <frame idx="225" w="87" h="84" x="-7.971508" y="-28.601021">
   <element name="dick" layername="dick" frame="0" z_index="2" m_a="1.000000" m_b="0.000000" m_c="0.000000" m_d="1.000000" m_tx="-36.471508" m_ty="-45.601021"/>
  </frame>
  <frame idx="250" w="87" h="84" x="-7.971508" y="-28.601021">
   <element name="dick" layername="dick" frame="0" z_index="2" m_a="1.000000" m_b="0.000000" m_c="0.000000" m_d="1.000000" m_tx="-36.471508" m_ty="-45.601021"/>
  </frame>
  <frame idx="275" w="87" h="84" x="-7.971508" y="-28.601021">
   <element name="dick" layername="dick" frame="0" z_index="2" m_a="1.000000" m_b="0.000000" m_c="0.000000" m_d="1.000000" m_tx="-36.471508" m_ty="-45.601021"/>
  </frame>
  <frame idx="300" w="87" h="84" x="-7.971508" y="-28.601021">
   <element name="dick" layername="dick" frame="0" z_index="2" m_a="1.000000" m_b="0.000000" m_c="0.000000" m_d="1.000000" m_tx="-36.471508" m_ty="-45.601021"/>
  </frame>
  <frame idx="325" w="87" h="84" x="-7.971508" y="-28.601021">
   <element name="dick" layername="dick" frame="0" z_index="2" m_a="1.000000" m_b="0.000000" m_c="0.000000" m_d="1.000000" m_tx="-36.471508" m_ty="-45.601021"/>
  </frame>
  <frame idx="350" w="87" h="84" x="-7.971508" y="-28.601021">
   <element name="dick" layername="dick" frame="0" z_index="2" m_a="1.000000" m_b="0.000000" m_c="0.000000" m_d="1.000000" m_tx="-36.471508" m_ty="-45.601021"/>
  </frame>
  <frame idx="375" w="87" h="84" x="-7.971508" y="-28.601021">
   <element name="dick" layername="dick" frame="0" z_index="2" m_a="1.000000" m_b="0.000000" m_c="0.000000" m_d="1.000000" m_tx="-36.471508" m_ty="-45.601021"/>
  </frame>
  <frame idx="400" w="87" h="84" x="-7.971508" y="-28.601021">
   <element name="dick" layername="dick" frame="0" z_index="2" m_a="1.000000" m_b="0.000000" m_c="0.000000" m_d="1.000000" m_tx="-36.471508" m_ty="-45.601021"/>
  </frame>
  <frame idx="425" w="87" h="84" x="-7.971508" y="-28.601021">
   <element name="dick" layername="dick" frame="0" z_index="2" m_a="1.000000" m_b="0.000000" m_c="0.000000" m_d="1.000000" m_tx="-36.471508" m_ty="-45.601021"/>
  </frame>
  <frame idx="450" w="87" h="84" x="-7.971508" y="-28.601021">
   <element name="dick" layername="dick" frame="0" z_index="2" m_a="1.000000" m_b="0.000000" m_c="0.000000" m_d="1.000000" m_tx="-36.471508" m_ty="-45.601021"/>
  </frame>
  <frame idx="475" w="87" h="84" x="-7.971508" y="-28.601021">
   <element name="dick" layername="dick" frame="0" z_index="2" m_a="1.000000" m_b="0.000000" m_c="0.000000" m_d="1.000000" m_tx="-36.471508" m_ty="-45.601021"/>
  </frame>
  <frame idx="500" w="87" h="84" x="-7.971508" y="-28.601021">
   <element name="dick" layername="dick" frame="0" z_index="2" m_a="1.000000" m_b="0.000000" m_c="0.000000" m_d="1.000000" m_tx="-36.471508" m_ty="-45.601021"/>
  </frame>
  <frame idx="525" w="87" h="84" x="-7.971508" y="-28.601021">
   <element name="dick" layername="dick" frame="0" z_index="2" m_a="1.000000" m_b="0.000000" m_c="0.000000" m_d="1.000000" m_tx="-36.471508" m_ty="-45.601021"/>
  </frame>
  <frame idx="550" w="87" h="84" x="-7.971508" y="-28.601021">
   <element name="dick" layername="dick" frame="0" z_index="2" m_a="1.000000" m_b="0.000000" m_c="0.000000" m_d="1.000000" m_tx="-36.471508" m_ty="-45.601021"/>
  </frame>
  <frame idx="575" w="87" h="84" x="-7.971508" y="-28.601021">
   <element name="dick" layername="dick" frame="0" z_index="2" m_a="1.000000" m_b="0.000000" m_c="0.000000" m_d="1.000000" m_tx="-36.471508" m_ty="-45.601021"/>
  </frame>
  <frame idx="600" w="87" h="84" x="-7.971508" y="-28.601021">
   <element name="dick" layername="dick" frame="0" z_index="2" m_a="1.000000" m_b="0.000000" m_c="0.000000" m_d="1.000000" m_tx="-36.471508" m_ty="-45.601021"/>
  </frame>
  <frame idx="625" w="87" h="84" x="-7.971508" y="-28.601021">
   <element name="dick" layername="dick" frame="0" z_index="2" m_a="1.000000" m_b="0.000000" m_c="0.000000" m_d="1.000000" m_tx="-36.471508" m_ty="-45.601021"/>
  </frame>
  <frame idx="650" w="87" h="84" x="-7.971508" y="-28.601021">
   <element name="dick" layername="dick" frame="0" z_index="2" m_a="1.000000" m_b="0.000000" m_c="0.000000" m_d="1.000000" m_tx="-36.471508" m_ty="-45.601021"/>
  </frame>
  <frame idx="675" w="87" h="84" x="-7.971508" y="-28.601021">
   <element name="dick" layername="dick" frame="0" z_index="2" m_a="1.000000" m_b="0.000000" m_c="0.000000" m_d="1.000000" m_tx="-36.471508" m_ty="-45.601021"/>
  </frame>
  <frame idx="700" w="87" h="84" x="-7.971508" y="-28.601021">
   <element name="dick" layername="dick" frame="0" z_index="2" m_a="1.000000" m_b="0.000000" m_c="0.000000" m_d="1.000000" m_tx="-36.471508" m_ty="-45.601021"/>
  </frame>
  <frame idx="725" w="87" h="84" x="-7.971508" y="-28.601021">
   <element name="dick" layername="dick" frame="0" z_index="2" m_a="1.000000" m_b="0.000000" m_c="0.000000" m_d="1.000000" m_tx="-36.471508" m_ty="-45.601021"/>
  </frame>
  <frame idx="750" w="87" h="84" x="-7.971508" y="-28.601021">
   <element name="dick" layername="dick" frame="0" z_index="2" m_a="1.000000" m_b="0.000000" m_c="0.000000" m_d="1.000000" m_tx="-36.471508" m_ty="-45.601021"/>
  </frame>
  <frame idx="775" w="87" h="84" x="-7.971508" y="-28.601021">
   <element name="dick" layername="dick" frame="0" z_index="2" m_a="1.000000" m_b="0.000000" m_c="0.000000" m_d="1.000000" m_tx="-36.471508" m_ty="-45.601021"/>
  </frame>
  <frame idx="800" w="87" h="84" x="-7.971508" y="-28.601021">
   <element name="dick" layername="dick" frame="0" z_index="2" m_a="1.000000" m_b="0.000000" m_c="0.000000" m_d="1.000000" m_tx="-36.471508" m_ty="-45.601021"/>
  </frame>
  <frame idx="825" w="87" h="84" x="-7.971508" y="-28.601021">
   <element name="dick" layername="dick" frame="0" z_index="2" m_a="1.000000" m_b="0.000000" m_c="0.000000" m_d="1.000000" m_tx="-36.471508" m_ty="-45.601021"/>
  </frame>
  <frame idx="850" w="87" h="84" x="-7.971508" y="-28.601021">
   <element name="dick" layername="dick" frame="0" z_index="2" m_a="1.000000" m_b="0.000000" m_c="0.000000" m_d="1.000000" m_tx="-36.471508" m_ty="-45.601021"/>
  </frame>
  <frame idx="875" w="87" h="84" x="-7.971508" y="-28.601021">
   <element name="dick" layername="dick" frame="0" z_index="2" m_a="1.000000" m_b="0.000000" m_c="0.000000" m_d="1.000000" m_tx="-36.471508" m_ty="-45.601021"/>
  </frame>
  <frame idx="900" w="87" h="84" x="-7.971508" y="-28.601021">
   <element name="dick" layername="dick" frame="0" z_index="2" m_a="1.000000" m_b="0.000000" m_c="0.000000" m_d="1.000000" m_tx="-36.471508" m_ty="-45.601021"/>
  </frame>
  <frame idx="925" w="87" h="84" x="-7.971508" y="-28.601021">
   <element name="dick" layername="dick" frame="0" z_index="2" m_a="1.000000" m_b="0.000000" m_c="0.000000" m_d="1.000000" m_tx="-36.471508" m_ty="-45.601021"/>
  </frame>
  <frame idx="950" w="87" h="84" x="-7.971508" y="-28.601021">
   <element name="dick" layername="dick" frame="0" z_index="2" m_a="1.000000" m_b="0.000000" m_c="0.000000" m_d="1.000000" m_tx="-36.471508" m_ty="-45.601021"/>
  </frame>
  <frame idx="975" w="87" h="84" x="-7.971508" y="-28.601021">
   <element name="dick" layername="dick" frame="0" z_index="2" m_a="1.000000" m_b="0.000000" m_c="0.000000" m_d="1.000000" m_tx="-36.471508" m_ty="-45.601021"/>
  </frame>
 </anim>
 <anim name="idle" root="vibrator_dick" numframes="200" framerate="40">
  <frame idx="0" w="50" h="104" x="-37.972462" y="-10.890003">
   <element name="dick" layername="dick" frame="0" z_index="2" m_a="0.097860" m_b="0.995200" m_c="-0.995200" m_d="0.097860" m_tx="27.613029" m_ty="-40.065857"/>
  </frame>
  <frame idx="25" w="50" h="103" x="-38.594868" y="-10.682533">
   <element name="dick" layername="dick" frame="0" z_index="2" m_a="0.097860" m_b="0.995200" m_c="-0.995200" m_d="0.097860" m_tx="26.990623" m_ty="-39.858387"/>
  </frame>
  <frame idx="50" w="50" h="101" x="-39.217278" y="-9.975063">
   <element name="dick" layername="dick" frame="0" z_index="2" m_a="0.097860" m_b="0.995200" m_c="-0.995200" m_d="0.097860" m_tx="26.368216" m_ty="-39.650917"/>
  </frame>
  <frame idx="75" w="50" h="101" x="-39.839684" y="-9.767593">
   <element name="dick" layername="dick" frame="0" z_index="2" m_a="0.097860" m_b="0.995200" m_c="-0.995200" m_d="0.097860" m_tx="25.745810" m_ty="-39.443447"/>
  </frame>
  <frame idx="100" w="50" h="100" x="-40.462090" y="-9.560127">
   <element name="dick" layername="dick" frame="0" z_index="2" m_a="0.097860" m_b="0.995200" m_c="-0.995200" m_d="0.097860" m_tx="25.123404" m_ty="-39.235981"/>
  </frame>
  <frame idx="125" w="50" h="101" x="-39.839684" y="-9.767593">
   <element name="dick" layername="dick" frame="0" z_index="2" m_a="0.097860" m_b="0.995200" m_c="-0.995200" m_d="0.097860" m_tx="25.745810" m_ty="-39.443447"/>
  </frame>
  <frame idx="150" w="50" h="101" x="-39.217278" y="-9.975063">
   <element name="dick" layername="dick" frame="0" z_index="2" m_a="0.097860" m_b="0.995200" m_c="-0.995200" m_d="0.097860" m_tx="26.368216" m_ty="-39.650917"/>
  </frame>
  <frame idx="175" w="50" h="103" x="-38.594868" y="-10.682533">
   <element name="dick" layername="dick" frame="0" z_index="2" m_a="0.097860" m_b="0.995200" m_c="-0.995200" m_d="0.097860" m_tx="26.990623" m_ty="-39.858387"/>
  </frame>
 </anim>
</Anims>
