<Anims>
 <anim name="whip_down" root="swap_whip_kinki" numframes="600" framerate="40">
  <frame idx="0" w="21" h="699" x="-123.201759" y="-391.503784">
   <element name="whipline" layername="whipline" frame="6" z_index="9" m_a="2.030040" m_b="1.473503" m_c="-1.249520" m_d="1.721460" m_tx="-108.650002" m_ty="-252.399994"/>
  </frame>
  <frame idx="25" w="387" h="513" x="-144.956329" y="-385.038544">
   <element name="whipline" layername="whipline" frame="6" z_index="9" m_a="2.286441" m_b="-0.907384" m_c="0.817470" m_d="2.059875" m_tx="-37.804413" m_ty="-306.811768"/>
  </frame>
  <frame idx="50" w="154" h="790" x="67.109283" y="-332.642944">
   <element name="whipline" layername="whipline" frame="6" z_index="9" m_a="0.365198" m_b="-0.107340" m_c="0.692323" m_d="2.355452" m_tx="107.312630" m_ty="-205.035416"/>
  </frame>
  <frame idx="75" w="778" h="678" x="-338.925690" y="-141.246582">
   <element name="whipline" layername="whipline" frame="4" z_index="9" m_a="-1.977627" m_b="-0.751804" m_c="-0.976396" m_d="2.568419" m_tx="484.644989" m_ty="106.125648"/>
  </frame>
  <frame idx="100" w="807" h="15" x="-481.100983" y="175.935791">
   <element name="whipline" layername="whipline" frame="3" z_index="9" m_a="-1.945742" m_b="-2.375962" m_c="-2.301967" m_d="1.885145" m_tx="228.296509" m_ty="465.829895"/>
  </frame>
  <frame idx="125" w="454" h="729" x="-354.336060" y="-463.314087">
   <element name="whipline" layername="whipline" frame="3" z_index="9" m_a="0.524840" m_b="-2.299086" m_c="-2.871471" m_d="-0.655506" m_tx="-172.370361" m_ty="311.445618"/>
  </frame>
  <frame idx="150" w="236" h="473" x="-244.214554" y="-306.751099">
   <element name="whipline" layername="whipline" frame="4" z_index="9" m_a="0.159681" m_b="-0.208112" m_c="-1.988547" m_d="-1.525782" m_tx="-141.832794" m_ty="65.946648"/>
  </frame>
  <frame idx="175" w="354" h="841" x="-416.465118" y="-700.055054">
   <element name="whipline" layername="whipline" frame="5" z_index="9" m_a="-0.549092" m_b="0.227380" m_c="-0.797681" m_d="-1.926293" m_tx="-95.309433" m_ty="9.028266"/>
  </frame>
  <frame idx="200" w="476" h="219" x="-268.085632" y="-225.435577">
   <element name="whipline" layername="whipline" frame="6" z_index="9" m_a="1.752469" m_b="2.229551" m_c="1.720965" m_d="-1.352711" m_tx="-141.100006" m_ty="-11.450000"/>
  </frame>
  <frame idx="225" w="253" h="931" x="-258.900635" y="-623.198792">
   <element name="whipline" layername="whipline" frame="6" z_index="9" m_a="3.156139" m_b="-1.800094" m_c="-0.596304" m_d="-1.045511" m_tx="-181.265518" m_ty="159.136276"/>
  </frame>
  <frame idx="250" w="267" h="584" x="-270.625275" y="-387.402710">
   <element name="whipline" layername="whipline" frame="1" z_index="9" m_a="1.524888" m_b="-3.407988" m_c="-0.817507" m_d="-0.365790" m_tx="90.335258" m_ty="249.668167"/>
  </frame>
  <frame idx="275" w="401" h="352" x="-274.267517" y="-167.952286">
   <element name="whipline" layername="whipline" frame="1" z_index="9" m_a="0.544421" m_b="-3.299582" m_c="-0.983475" m_d="-0.162270" m_tx="249.388443" m_ty="222.061142"/>
  </frame>
  <frame idx="300" w="538" h="182" x="-212.852463" y="78.607315">
   <element name="whipline" layername="whipline" frame="1" z_index="9" m_a="-0.662705" m_b="-2.666884" m_c="-1.123570" m_d="0.279200" m_tx="474.762238" m_ty="80.629364"/>
  </frame>
  <frame idx="325" w="168" h="78" x="53.049988" y="-250.116699">
   <element name="whipline" layername="whipline" frame="1" z_index="9" m_a="-0.614746" m_b="0.144219" m_c="-0.291624" m_d="-1.243072" m_tx="262.320557" m_ty="25.468464"/>
  </frame>
  <frame idx="350" w="516" h="100" x="-83.454803" y="22.837296">
   <element name="whipline" layername="whipline" frame="4" z_index="9" m_a="-1.747543" m_b="-0.414781" m_c="0.324287" m_d="-1.366276" m_tx="547.388550" m_ty="-3.982462"/>
  </frame>
  <frame idx="375" w="534" h="280" x="-80.159386" y="-52.481888">
   <element name="whipline" layername="whipline" frame="4" z_index="9" m_a="-1.700696" m_b="-0.109533" m_c="0.094575" m_d="-1.468448" m_tx="551.780518" m_ty="-94.272964"/>
  </frame>
  <frame idx="400" w="531" h="428" x="-78.084106" y="-104.172424">
   <element name="whipline" layername="whipline" frame="4" z_index="9" m_a="-1.580209" m_b="0.172168" m_c="-0.151740" m_d="-1.392718" m_tx="528.885437" m_ty="-152.532471"/>
  </frame>
  <frame idx="425" w="528" h="682" x="-114.786880" y="-205.411255">
   <element name="whipline" layername="whipline" frame="4" z_index="9" m_a="-1.306211" m_b="0.761187" m_c="-0.743248" m_d="-1.275427" m_tx="437.076965" m_ty="-274.717682"/>
  </frame>
  <frame idx="450" w="425" h="899" x="-85.163620" y="-317.191345">
   <element name="whipline" layername="whipline" frame="4" z_index="9" m_a="-0.781557" m_b="1.127295" m_c="-1.198170" m_d="-0.830694" m_tx="306.557404" m_ty="-375.783112"/>
  </frame>
  <frame idx="475" w="275" h="983" x="-19.233585" y="-391.925507">
   <element name="whipline" layername="whipline" frame="4" z_index="9" m_a="-0.279877" m_b="1.166157" m_c="-1.282754" m_d="-0.307861" m_tx="190.639877" m_ty="-420.259583"/>
  </frame>
  <frame idx="500" w="159" h="932" x="34.476963" y="-400.811218">
   <element name="whipline" layername="whipline" frame="4" z_index="9" m_a="-0.027895" m_b="1.032213" m_c="-1.035522" m_d="-0.027984" m_tx="129.662766" m_ty="-408.118256"/>
  </frame>
  <frame idx="525" w="89" h="987" x="37.223080" y="-385.839325">
   <element name="whipline" layername="whipline" frame="4" z_index="9" m_a="0.299660" m_b="1.369143" m_c="-1.278448" m_d="0.279810" m_tx="28.879362" m_ty="-400.479065"/>
  </frame>
  <frame idx="550" w="48" h="1031" x="76.706497" y="-354.021240">
   <element name="whipline" layername="whipline" frame="4" z_index="9" m_a="0.782774" m_b="1.588077" m_c="-1.418556" m_d="0.699217" m_tx="-54.586071" m_ty="-361.764282"/>
  </frame>
  <frame idx="575" w="241" h="1074" x="59.528847" y="-322.500610">
   <element name="whipline" layername="whipline" frame="4" z_index="9" m_a="1.379017" m_b="1.635750" m_c="-1.417738" m_d="1.195223" m_tx="-103.682022" m_ty="-305.557556"/>
  </frame>
 </anim>
 <anim name="whip_lag_down" root="swap_whip_kinki" numframes="500" framerate="40">
  <frame idx="0" w="398" h="776" x="-247.249252" y="-342.594727">
   <element name="whipline" layername="whipline" frame="4" z_index="9" m_a="-0.571181" m_b="1.241951" m_c="-1.474633" m_d="-0.678192" m_tx="88.199997" m_ty="-412.799988"/>
  </frame>
  <frame idx="25" w="389" h="790" x="-239.750458" y="-344.081665">
   <element name="whipline" layername="whipline" frame="4" z_index="9" m_a="-0.541139" m_b="1.267453" m_c="-1.483437" m_d="-0.633353" m_tx="84.817642" m_ty="-413.094116"/>
  </frame>
  <frame idx="50" w="380" h="805" x="-232.157318" y="-346.158295">
   <element name="whipline" layername="whipline" frame="4" z_index="9" m_a="-0.509511" m_b="1.292740" m_c="-1.491065" m_d="-0.587677" m_tx="81.393944" m_ty="-413.418182"/>
  </frame>
  <frame idx="75" w="370" h="820" x="-223.366653" y="-347.805847">
   <element name="whipline" layername="whipline" frame="4" z_index="9" m_a="-0.476002" m_b="1.317690" m_c="-1.497602" m_d="-0.540993" m_tx="77.934853" m_ty="-413.734833"/>
  </frame>
  <frame idx="100" w="359" h="836" x="-213.775284" y="-350.003174">
   <element name="whipline" layername="whipline" frame="4" z_index="9" m_a="-0.440330" m_b="1.342113" m_c="-1.503119" m_d="-0.493154" m_tx="74.449997" m_ty="-414.000000"/>
  </frame>
  <frame idx="125" w="348" h="850" x="-203.962616" y="-351.815887">
   <element name="whipline" layername="whipline" frame="4" z_index="9" m_a="-0.404738" m_b="1.364956" m_c="-1.507048" m_d="-0.446871" m_tx="71.104416" m_ty="-414.330902"/>
  </frame>
  <frame idx="150" w="336" h="865" x="-193.874359" y="-354.129547">
   <element name="whipline" layername="whipline" frame="4" z_index="9" m_a="-0.368576" m_b="1.386962" m_c="-1.509293" m_d="-0.401085" m_tx="67.718185" m_ty="-414.619690"/>
  </frame>
  <frame idx="175" w="324" h="878" x="-183.303650" y="-356.015839">
   <element name="whipline" layername="whipline" frame="4" z_index="9" m_a="-0.331138" m_b="1.408195" m_c="-1.510157" m_d="-0.355114" m_tx="64.272728" m_ty="-414.909088"/>
  </frame>
  <frame idx="200" w="312" h="892" x="-171.988388" y="-358.067719">
   <element name="whipline" layername="whipline" frame="4" z_index="9" m_a="-0.291569" m_b="1.428641" m_c="-1.509906" m_d="-0.308154" m_tx="60.750000" m_ty="-415.250000"/>
  </frame>
  <frame idx="225" w="300" h="905" x="-161.088577" y="-360.090729">
   <element name="whipline" layername="whipline" frame="4" z_index="9" m_a="-0.254031" m_b="1.447132" m_c="-1.507973" m_d="-0.264711" m_tx="57.404411" m_ty="-415.580902"/>
  </frame>
  <frame idx="250" w="287" h="919" x="-149.648712" y="-362.674072">
   <element name="whipline" layername="whipline" frame="4" z_index="9" m_a="-0.214955" m_b="1.464959" m_c="-1.504714" m_d="-0.220788" m_tx="53.969696" m_ty="-415.893951"/>
  </frame>
  <frame idx="275" w="273" h="932" x="-137.312897" y="-364.872101">
   <element name="whipline" layername="whipline" frame="4" z_index="9" m_a="-0.173474" m_b="1.482032" m_c="-1.500278" m_d="-0.175610" m_tx="50.509090" m_ty="-416.196960"/>
  </frame>
  <frame idx="300" w="257" h="945" x="-123.179794" y="-367.253815">
   <element name="whipline" layername="whipline" frame="4" z_index="9" m_a="-0.128646" m_b="1.498137" m_c="-1.494739" m_d="-0.128354" m_tx="47.099998" m_ty="-416.500000"/>
  </frame>
  <frame idx="325" w="244" h="957" x="-110.835121" y="-369.511505">
   <element name="whipline" layername="whipline" frame="4" z_index="9" m_a="-0.087973" m_b="1.512270" m_c="-1.487769" m_d="-0.086548" m_tx="43.754410" m_ty="-416.794098"/>
  </frame>
  <frame idx="350" w="229" h="968" x="-97.942451" y="-371.862762">
   <element name="whipline" layername="whipline" frame="4" z_index="9" m_a="-0.045810" m_b="1.525517" m_c="-1.479468" m_d="-0.044427" m_tx="40.343941" m_ty="-417.093933"/>
  </frame>
  <frame idx="375" w="213" h="980" x="-83.890503" y="-374.327759">
   <element name="whipline" layername="whipline" frame="4" z_index="9" m_a="-0.001912" m_b="1.537704" m_c="-1.469879" m_d="-0.001827" m_tx="36.896969" m_ty="-417.396973"/>
  </frame>
  <frame idx="400" w="197" h="991" x="-69.072388" y="-376.929108">
   <element name="whipline" layername="whipline" frame="4" z_index="9" m_a="0.043933" m_b="1.548597" m_c="-1.459043" m_d="0.041392" m_tx="33.450001" m_ty="-417.700012"/>
  </frame>
  <frame idx="425" w="180" h="1001" x="-54.342308" y="-379.096497">
   <element name="whipline" layername="whipline" frame="4" z_index="9" m_a="0.089064" m_b="1.557860" m_c="-1.447348" m_d="0.082746" m_tx="30.104412" m_ty="-418.030884"/>
  </frame>
  <frame idx="450" w="165" h="1012" x="-39.865349" y="-382.165527">
   <element name="whipline" layername="whipline" frame="4" z_index="9" m_a="0.134353" m_b="1.566957" m_c="-1.434752" m_d="0.123018" m_tx="26.887878" m_ty="-418.804535"/>
  </frame>
  <frame idx="475" w="153" h="1019" x="-29.548429" y="-384.239990">
   <element name="whipline" layername="whipline" frame="4" z_index="9" m_a="0.165339" m_b="1.572834" m_c="-1.425654" m_d="0.149868" m_tx="24.750000" m_ty="-419.500000"/>
  </frame>
 </anim>
 <anim name="whip_lag_side" root="swap_whip_kinki" numframes="500" framerate="40">
  <frame idx="0" w="310" h="298" x="-319.099243" y="-288.652374">
   <element name="whipline" layername="whipline" frame="7" z_index="9" m_a="0.780856" m_b="-1.076249" m_c="2.079449" m_d="1.508713" m_tx="-226.250000" m_ty="-20.299999"/>
  </frame>
  <frame idx="25" w="310" h="298" x="-319.146576" y="-288.760803">
   <element name="whipline" layername="whipline" frame="7" z_index="9" m_a="0.781133" m_b="-1.076766" m_c="2.079534" m_d="1.508584" m_tx="-226.286774" m_ty="-20.299999"/>
  </frame>
  <frame idx="50" w="311" h="298" x="-319.122620" y="-289.028748">
   <element name="whipline" layername="whipline" frame="7" z_index="9" m_a="0.780673" m_b="-1.078118" m_c="2.080825" m_d="1.506741" m_tx="-226.251511" m_ty="-20.251514"/>
  </frame>
  <frame idx="75" w="311" h="299" x="-319.086914" y="-289.328094">
   <element name="whipline" layername="whipline" frame="7" z_index="9" m_a="0.780281" m_b="-1.079754" m_c="2.082232" m_d="1.504718" m_tx="-226.199997" m_ty="-20.187880"/>
  </frame>
  <frame idx="100" w="311" h="299" x="-319.111542" y="-289.503235">
   <element name="whipline" layername="whipline" frame="7" z_index="9" m_a="0.780914" m_b="-1.080997" m_c="2.082450" m_d="1.504364" m_tx="-226.199997" m_ty="-20.150000"/>
  </frame>
  <frame idx="125" w="311" h="299" x="-319.104431" y="-289.683441">
   <element name="whipline" layername="whipline" frame="7" z_index="9" m_a="0.781703" m_b="-1.082532" m_c="2.082669" m_d="1.503909" m_tx="-226.163223" m_ty="-20.150000"/>
  </frame>
  <frame idx="150" w="311" h="300" x="-319.098450" y="-290.099335">
   <element name="whipline" layername="whipline" frame="7" z_index="9" m_a="0.781766" m_b="-1.084941" m_c="2.084132" m_d="1.501744" m_tx="-226.125763" m_ty="-20.077272"/>
  </frame>
  <frame idx="175" w="311" h="302" x="-319.119324" y="-291.188904">
   <element name="whipline" layername="whipline" frame="7" z_index="9" m_a="0.781475" m_b="-1.087963" m_c="2.086308" m_d="1.498578" m_tx="-226.112122" m_ty="-19.975758"/>
  </frame>
  <frame idx="200" w="311" h="303" x="-319.196167" y="-291.865997">
   <element name="whipline" layername="whipline" frame="7" z_index="9" m_a="0.781301" m_b="-1.091238" m_c="2.088516" m_d="1.495330" m_tx="-226.149994" m_ty="-19.900000"/>
  </frame>
  <frame idx="225" w="311" h="303" x="-319.173126" y="-292.152679">
   <element name="whipline" layername="whipline" frame="7" z_index="9" m_a="0.782626" m_b="-1.093817" m_c="2.088923" m_d="1.494623" m_tx="-226.076477" m_ty="-19.789705"/>
  </frame>
  <frame idx="250" w="312" h="304" x="-319.173828" y="-292.704712">
   <element name="whipline" layername="whipline" frame="7" z_index="9" m_a="0.783203" m_b="-1.097295" m_c="2.090557" m_d="1.492153" m_tx="-226.025757" m_ty="-19.701515"/>
  </frame>
  <frame idx="275" w="312" h="305" x="-319.177582" y="-293.409088">
   <element name="whipline" layername="whipline" frame="7" z_index="9" m_a="0.783414" m_b="-1.101393" m_c="2.092893" m_d="1.488661" m_tx="-225.975754" m_ty="-19.601515"/>
  </frame>
  <frame idx="300" w="312" h="306" x="-319.159882" y="-294.119965">
   <element name="whipline" layername="whipline" frame="7" z_index="9" m_a="0.783742" m_b="-1.105731" m_c="2.095253" m_d="1.485115" m_tx="-225.899994" m_ty="-19.450001"/>
  </frame>
  <frame idx="325" w="312" h="308" x="-319.148651" y="-295.359711">
   <element name="whipline" layername="whipline" frame="7" z_index="9" m_a="0.784218" m_b="-1.110294" m_c="2.097589" m_d="1.481559" m_tx="-225.826477" m_ty="-19.339706"/>
  </frame>
  <frame idx="350" w="314" h="310" x="-319.611908" y="-296.322906">
   <element name="whipline" layername="whipline" frame="7" z_index="9" m_a="0.783916" m_b="-1.115797" m_c="2.101169" m_d="1.476199" m_tx="-225.727264" m_ty="-19.178787"/>
  </frame>
  <frame idx="375" w="314" h="311" x="-319.576843" y="-297.339630">
   <element name="whipline" layername="whipline" frame="7" z_index="9" m_a="0.783658" m_b="-1.121638" m_c="2.104875" m_d="1.470619" m_tx="-225.625748" m_ty="-19.013636"/>
  </frame>
  <frame idx="400" w="314" h="312" x="-319.576691" y="-298.202728">
   <element name="whipline" layername="whipline" frame="7" z_index="9" m_a="0.784446" m_b="-1.127074" m_c="2.107378" m_d="1.466739" m_tx="-225.550003" m_ty="-18.900000"/>
  </frame>
  <frame idx="425" w="315" h="315" x="-319.582520" y="-299.588928">
   <element name="whipline" layername="whipline" frame="7" z_index="9" m_a="0.785362" m_b="-1.132704" m_c="2.109863" m_d="1.462877" m_tx="-225.476471" m_ty="-18.679413"/>
  </frame>
  <frame idx="450" w="315" h="316" x="-319.621185" y="-300.816071">
   <element name="whipline" layername="whipline" frame="7" z_index="9" m_a="0.785994" m_b="-1.140232" m_c="2.114501" m_d="1.457584" m_tx="-225.401520" m_ty="-18.478788"/>
  </frame>
  <frame idx="475" w="315" h="318" x="-319.659393" y="-301.781586">
   <element name="whipline" layername="whipline" frame="7" z_index="9" m_a="0.786297" m_b="-1.146082" m_c="2.118472" m_d="1.453428" m_tx="-225.350006" m_ty="-18.350000"/>
  </frame>
 </anim>
 <anim name="whip_lag_up" root="swap_whip_kinki" numframes="500" framerate="40">
  <frame idx="0" w="328" h="814" x="-202.524200" y="-327.682983">
   <element name="whipline" layername="whipline" frame="4" z_index="9" m_a="-0.563327" m_b="1.380184" m_c="-1.010696" m_d="-0.412519" m_tx="91.949997" m_ty="-392.700012"/>
  </frame>
  <frame idx="25" w="330" h="815" x="-203.251068" y="-328.448425">
   <element name="whipline" layername="whipline" frame="4" z_index="9" m_a="-0.565223" m_b="1.380625" m_c="-1.022212" m_d="-0.418490" m_tx="92.685287" m_ty="-393.802948"/>
  </frame>
  <frame idx="50" w="332" h="818" x="-203.722366" y="-329.739838">
   <element name="whipline" layername="whipline" frame="4" z_index="9" m_a="-0.564960" m_b="1.381940" m_c="-1.034605" m_d="-0.422964" m_tx="93.483330" m_ty="-394.927277"/>
  </frame>
  <frame idx="75" w="333" h="821" x="-203.279404" y="-330.534119">
   <element name="whipline" layername="whipline" frame="4" z_index="9" m_a="-0.563475" m_b="1.383769" m_c="-1.047515" m_d="-0.426551" m_tx="94.304550" m_ty="-396.051514"/>
  </frame>
  <frame idx="100" w="334" h="824" x="-202.859268" y="-331.801392">
   <element name="whipline" layername="whipline" frame="4" z_index="9" m_a="-0.561976" m_b="1.385646" m_c="-1.060453" m_d="-0.430088" m_tx="95.099998" m_ty="-397.149994"/>
  </frame>
  <frame idx="125" w="336" h="826" x="-202.962921" y="-332.576843">
   <element name="whipline" layername="whipline" frame="4" z_index="9" m_a="-0.562198" m_b="1.386754" m_c="-1.072473" m_d="-0.434786" m_tx="95.908821" m_ty="-398.252930"/>
  </frame>
  <frame idx="150" w="338" h="829" x="-203.587875" y="-333.868256">
   <element name="whipline" layername="whipline" frame="4" z_index="9" m_a="-0.562408" m_b="1.387880" m_c="-1.084736" m_d="-0.439565" m_tx="96.709091" m_ty="-399.377258"/>
  </frame>
  <frame idx="175" w="340" h="831" x="-203.739761" y="-334.680450">
   <element name="whipline" layername="whipline" frame="4" z_index="9" m_a="-0.562618" m_b="1.389015" m_c="-1.097140" m_d="-0.444394" m_tx="97.492424" m_ty="-400.525757"/>
  </frame>
  <frame idx="200" w="341" h="833" x="-203.923431" y="-335.517853">
   <element name="whipline" layername="whipline" frame="4" z_index="9" m_a="-0.562843" m_b="1.390150" m_c="-1.109556" m_d="-0.449236" m_tx="98.250000" m_ty="-401.700012"/>
  </frame>
  <frame idx="225" w="344" h="836" x="-203.943314" y="-336.732758">
   <element name="whipline" layername="whipline" frame="4" z_index="9" m_a="-0.561390" m_b="1.391951" m_c="-1.122122" m_d="-0.452565" m_tx="99.095589" m_ty="-402.729431"/>
  </frame>
  <frame idx="250" w="345" h="839" x="-203.502350" y="-337.511841">
   <element name="whipline" layername="whipline" frame="4" z_index="9" m_a="-0.559903" m_b="1.393780" m_c="-1.134960" m_d="-0.455931" m_tx="99.909088" m_ty="-403.827271"/>
  </frame>
  <frame idx="275" w="346" h="842" x="-203.275146" y="-338.823456">
   <element name="whipline" layername="whipline" frame="4" z_index="9" m_a="-0.558948" m_b="1.395399" m_c="-1.147765" m_d="-0.459755" m_tx="100.692421" m_ty="-404.963654"/>
  </frame>
  <frame idx="300" w="348" h="844" x="-203.456116" y="-339.626343">
   <element name="whipline" layername="whipline" frame="4" z_index="9" m_a="-0.559168" m_b="1.396535" m_c="-1.160168" m_d="-0.464527" m_tx="101.449997" m_ty="-406.100006"/>
  </frame>
  <frame idx="325" w="350" h="847" x="-204.061584" y="-340.904144">
   <element name="whipline" layername="whipline" frame="4" z_index="9" m_a="-0.559386" m_b="1.397652" m_c="-1.172235" m_d="-0.469166" m_tx="102.258827" m_ty="-407.202942"/>
  </frame>
  <frame idx="350" w="352" h="849" x="-204.190445" y="-341.696930">
   <element name="whipline" layername="whipline" frame="4" z_index="9" m_a="-0.559598" m_b="1.398799" m_c="-1.184540" m_d="-0.473883" m_tx="103.059090" m_ty="-408.327271"/>
  </frame>
  <frame idx="375" w="353" h="851" x="-204.142181" y="-342.492096">
   <element name="whipline" layername="whipline" frame="4" z_index="9" m_a="-0.559262" m_b="1.400182" m_c="-1.197161" m_d="-0.478171" m_tx="103.866661" m_ty="-409.451508"/>
  </frame>
  <frame idx="400" w="354" h="854" x="-203.689651" y="-343.775543">
   <element name="whipline" layername="whipline" frame="4" z_index="9" m_a="-0.557764" m_b="1.402027" m_c="-1.210171" m_d="-0.481439" m_tx="104.699997" m_ty="-410.549988"/>
  </frame>
  <frame idx="425" w="357" h="856" x="-204.321320" y="-344.594727">
   <element name="whipline" layername="whipline" frame="4" z_index="9" m_a="-0.557947" m_b="1.403117" m_c="-1.222257" m_d="-0.486029" m_tx="105.472061" m_ty="-411.689697"/>
  </frame>
  <frame idx="450" w="358" h="859" x="-204.538956" y="-345.929047">
   <element name="whipline" layername="whipline" frame="4" z_index="9" m_a="-0.558329" m_b="1.404579" m_c="-1.235499" m_d="-0.491118" m_tx="106.307579" m_ty="-412.899994"/>
  </frame>
  <frame idx="475" w="360" h="861" x="-204.719742" y="-346.502197">
   <element name="whipline" layername="whipline" frame="4" z_index="9" m_a="-0.558663" m_b="1.405715" m_c="-1.244946" m_d="-0.494770" m_tx="106.900002" m_ty="-413.750000"/>
  </frame>
 </anim>
 <anim name="whip_pre_down" root="swap_whip_kinki" numframes="200" framerate="40">
  <frame idx="0" w="150" h="0" x="-12.500000" y="0.000000"/>
  <frame idx="25" w="150" h="0" x="-12.500000" y="0.000000"/>
  <frame idx="50" w="150" h="0" x="-12.500000" y="0.000000"/>
  <frame idx="75" w="150" h="0" x="-12.500000" y="0.000000"/>
  <frame idx="100" w="394" h="493" x="-211.486069" y="-275.190613">
   <element name="whipline" layername="whipline" frame="4" z_index="9" m_a="-0.793920" m_b="0.634073" m_c="-0.951993" m_d="-1.191985" m_tx="164.949997" m_ty="-345.450012"/>
  </frame>
  <frame idx="125" w="430" h="594" x="-263.678101" y="-300.375519">
   <element name="whipline" layername="whipline" frame="4" z_index="9" m_a="-0.793887" m_b="0.901414" m_c="-1.203529" m_d="-1.059964" m_tx="133.222061" m_ty="-377.692627"/>
  </frame>
  <frame idx="150" w="425" h="694" x="-269.149048" y="-324.407227">
   <element name="whipline" layername="whipline" frame="4" z_index="9" m_a="-0.702863" m_b="1.103705" m_c="-1.379599" m_d="-0.878558" m_tx="107.690910" m_ty="-400.500000"/>
  </frame>
  <frame idx="175" w="409" h="755" x="-256.889648" y="-339.953522">
   <element name="whipline" layername="whipline" frame="4" z_index="9" m_a="-0.611258" m_b="1.205639" m_c="-1.462287" m_d="-0.741379" m_tx="92.699997" m_ty="-412.399994"/>
  </frame>
 </anim>
 <anim name="whip_pre_side" root="swap_whip_kinki" numframes="200" framerate="40">
  <frame idx="0" w="141" h="0" x="-12.000000" y="0.000000"/>
  <frame idx="25" w="141" h="0" x="-12.000000" y="0.000000"/>
  <frame idx="50" w="141" h="0" x="-12.000000" y="0.000000"/>
  <frame idx="75" w="463" h="645" x="-292.299316" y="-208.523682">
   <element name="whipline" layername="whipline" frame="3" z_index="9" m_a="0.038343" m_b="1.540109" m_c="-2.442452" m_d="0.060807" m_tx="-40.054897" m_ty="-252.694519"/>
  </frame>
  <frame idx="100" w="296" h="903" x="-219.025467" y="-349.252716">
   <element name="whipline" layername="whipline" frame="6" z_index="9" m_a="1.263179" m_b="1.683253" m_c="-2.659479" m_d="1.995777" m_tx="8.071814" m_ty="-180.878967"/>
  </frame>
  <frame idx="125" w="40" h="291" x="-253.126419" y="-265.543335">
   <element name="whipline" layername="whipline" frame="6" z_index="9" m_a="-0.514855" m_b="0.036361" m_c="0.111640" m_d="1.580754" m_tx="-226.209244" m_ty="-197.213257"/>
  </frame>
  <frame idx="150" w="372" h="303" x="-382.504822" y="-225.865479">
   <element name="whipline" layername="whipline" frame="5" z_index="9" m_a="-0.082784" m_b="0.066774" m_c="1.092568" m_d="1.354517" m_tx="-318.538483" m_ty="-165.416031"/>
  </frame>
  <frame idx="175" w="311" h="148" x="-299.507050" y="-256.675629">
   <element name="whipline" layername="whipline" frame="7" z_index="9" m_a="0.781521" m_b="-1.077929" m_c="2.081642" m_d="1.509234" m_tx="-206.592392" m_ty="-125.865883"/>
  </frame>
 </anim>
 <anim name="whip_pre_up" root="swap_whip_kinki" numframes="200" framerate="40">
  <frame idx="0" w="-18" h="0" x="1.500000" y="0.000000"/>
  <frame idx="25" w="-18" h="0" x="1.500000" y="0.000000"/>
  <frame idx="50" w="241" h="122" x="-373.057404" y="-398.767914">
   <element name="whipline" layername="whipline" frame="5" z_index="9" m_a="-1.066614" m_b="0.314494" m_c="-0.272645" m_d="-0.924682" m_tx="-123.710609" m_ty="-323.946960"/>
  </frame>
  <frame idx="75" w="335" h="76" x="-428.828156" y="-352.040527">
   <element name="whipline" layername="whipline" frame="5" z_index="9" m_a="-1.028493" m_b="0.702079" m_c="-0.558154" m_d="-0.817654" m_tx="-102.073265" m_ty="-392.584229"/>
  </frame>
  <frame idx="100" w="285" h="668" x="-283.508179" y="-337.837555">
   <element name="whipline" layername="whipline" frame="4" z_index="9" m_a="-0.440528" m_b="1.262256" m_c="-0.987734" m_d="-0.344720" m_tx="-37.019989" m_ty="-401.844421"/>
  </frame>
  <frame idx="125" w="306" h="729" x="-259.984314" y="-336.939301">
   <element name="whipline" layername="whipline" frame="4" z_index="9" m_a="-0.506024" m_b="1.327393" m_c="-0.991767" m_d="-0.378078" m_tx="11.160259" m_ty="-402.925568"/>
  </frame>
  <frame idx="150" w="321" h="764" x="-248.311707" y="-336.590515">
   <element name="whipline" layername="whipline" frame="4" z_index="9" m_a="-0.548168" m_b="1.363940" m_c="-0.993877" m_d="-0.399440" m_tx="39.199223" m_ty="-403.626404"/>
  </frame>
  <frame idx="175" w="327" h="777" x="-244.131195" y="-336.247772">
   <element name="whipline" layername="whipline" frame="4" z_index="9" m_a="-0.567104" m_b="1.378356" m_c="-0.994773" m_d="-0.409284" m_tx="50.555851" m_ty="-403.952759"/>
  </frame>
 </anim>
 <anim name="whip_side" root="swap_whip_kinki" numframes="600" framerate="40">
  <frame idx="0" w="170" h="737" x="-481.387207" y="-716.692383">
   <element name="whipline" layername="whipline" frame="3" z_index="9" m_a="-1.542301" m_b="-0.710815" m_c="0.627052" m_d="-1.360555" m_tx="-180.699997" m_ty="-88.099998"/>
  </frame>
  <frame idx="25" w="294" h="594" x="-567.632874" y="-608.827759">
   <element name="whipline" layername="whipline" frame="3" z_index="9" m_a="-1.692565" m_b="-0.139107" m_c="0.122715" m_d="-1.493124" m_tx="-177.722061" m_ty="-159.349991"/>
  </frame>
  <frame idx="50" w="279" h="220" x="-183.574493" y="-387.671021">
   <element name="whipline" layername="whipline" frame="3" z_index="9" m_a="-0.052096" m_b="-0.062650" m_c="1.498164" m_d="-1.245769" m_tx="-52.938511" m_ty="-268.353607"/>
  </frame>
  <frame idx="75" w="121" h="808" x="-188.807785" y="-306.579407">
   <element name="whipline" layername="whipline" frame="4" z_index="9" m_a="-1.144033" m_b="1.123382" m_c="1.726895" m_d="1.758640" m_tx="101.298431" m_ty="-241.527023"/>
  </frame>
  <frame idx="100" w="603" h="556" x="-245.478882" y="-283.301117">
   <element name="whipline" layername="whipline" frame="4" z_index="9" m_a="-1.027830" m_b="-1.092806" m_c="-1.881667" m_d="1.769787" m_tx="294.745331" m_ty="-58.564770"/>
  </frame>
  <frame idx="125" w="378" h="42" x="33.198250" y="-99.999176">
   <element name="whipline" layername="whipline" frame="4" z_index="9" m_a="0.142894" m_b="-1.522551" m_c="-2.941672" m_d="-0.276082" m_tx="219.161453" m_ty="13.297191"/>
  </frame>
  <frame idx="150" w="4" h="362" x="328.582092" y="-290.999786">
   <element name="whipline" layername="whipline" frame="4" z_index="9" m_a="1.046068" m_b="-1.446452" m_c="-2.360676" m_d="-1.707230" m_tx="127.724709" m_ty="70.970573"/>
  </frame>
  <frame idx="175" w="358" h="531" x="191.927719" y="-381.298523">
   <element name="whipline" layername="whipline" frame="4" z_index="9" m_a="1.735475" m_b="-1.080327" m_c="-1.396460" m_d="-2.243321" m_tx="10.320811" m_ty="79.373199"/>
  </frame>
  <frame idx="200" w="620" h="524" x="-28.951880" y="-358.758270">
   <element name="whipline" layername="whipline" frame="4" z_index="9" m_a="2.029499" m_b="-0.201319" m_c="-0.234643" m_d="-2.365441" m_tx="-153.754837" m_ty="17.573915"/>
  </frame>
  <frame idx="225" w="799" h="82" x="189.616943" y="208.368652">
   <element name="whipline" layername="whipline" frame="4" z_index="9" m_a="2.094293" m_b="0.822531" m_c="0.856475" m_d="-2.180721" m_tx="129.676651" m_ty="105.387207"/>
  </frame>
  <frame idx="250" w="370" h="430" x="-126.569237" y="-331.038391">
   <element name="whipline" layername="whipline" frame="6" z_index="9" m_a="-0.046450" m_b="-0.075207" m_c="2.292331" m_d="-1.415809" m_tx="-34.282711" m_ty="22.644600"/>
  </frame>
  <frame idx="275" w="358" h="650" x="-100.029175" y="-634.526794">
   <element name="whipline" layername="whipline" frame="3" z_index="9" m_a="-0.777416" m_b="-2.399245" m_c="2.617764" m_d="-0.848221" m_tx="162.798752" m_ty="60.809872"/>
  </frame>
  <frame idx="300" w="512" h="495" x="-473.071259" y="-473.216278">
   <element name="whipline" layername="whipline" frame="4" z_index="9" m_a="-1.912959" m_b="-0.893288" m_c="0.729266" m_d="-1.561709" m_tx="187.411880" m_ty="-26.214716"/>
  </frame>
  <frame idx="325" w="605" h="70" x="-522.888916" y="-47.112488">
   <element name="whipline" layername="whipline" frame="4" z_index="9" m_a="-1.776593" m_b="0.314527" m_c="-0.231518" m_d="-1.307717" m_tx="164.215530" m_ty="-75.582649"/>
  </frame>
  <frame idx="350" w="443" h="400" x="-259.676392" y="-8.673365">
   <element name="whipline" layername="whipline" frame="4" z_index="9" m_a="-0.929347" m_b="1.150513" m_c="-0.995133" m_d="-0.803837" m_tx="171.058350" m_ty="-109.295189"/>
  </frame>
  <frame idx="375" w="242" h="711" x="19.591740" y="-101.091530">
   <element name="whipline" layername="whipline" frame="4" z_index="9" m_a="-0.122797" m_b="1.218776" m_c="-1.394422" m_d="-0.140494" m_tx="179.859009" m_ty="-147.746033"/>
  </frame>
  <frame idx="400" w="190" h="790" x="74.940399" y="-157.924683">
   <element name="whipline" layername="whipline" frame="4" z_index="9" m_a="0.072054" m_b="1.141759" m_c="-1.469876" m_d="0.092760" m_tx="167.893478" m_ty="-180.034439"/>
  </frame>
  <frame idx="425" w="129" h="784" x="111.779922" y="-189.580048">
   <element name="whipline" layername="whipline" frame="4" z_index="9" m_a="0.126760" m_b="1.053379" m_c="-1.171700" m_d="0.140998" m_tx="159.909729" m_ty="-202.569534"/>
  </frame>
  <frame idx="450" w="185" h="669" x="-0.178407" y="-159.885071">
   <element name="whipline" layername="whipline" frame="4" z_index="9" m_a="-0.072630" m_b="1.092972" m_c="-1.113145" m_d="-0.073971" m_tx="118.025169" m_ty="-196.453766"/>
  </frame>
  <frame idx="475" w="304" h="464" x="-200.982254" y="-104.141212">
   <element name="whipline" layername="whipline" frame="4" z_index="9" m_a="-0.453624" m_b="1.106479" m_c="-1.091207" m_d="-0.447363" m_tx="58.768795" m_ty="-177.673325"/>
  </frame>
  <frame idx="500" w="409" h="227" x="-392.689423" y="-60.131519">
   <element name="whipline" layername="whipline" frame="4" z_index="9" m_a="-0.846749" m_b="0.981572" m_c="-0.941268" m_d="-0.811980" m_tx="2.953321" m_ty="-161.934143"/>
  </frame>
  <frame idx="525" w="483" h="29" x="-554.662720" y="-58.281216">
   <element name="whipline" layername="whipline" frame="4" z_index="9" m_a="-1.200706" m_b="0.713695" m_c="-0.667734" m_d="-1.123382" m_tx="-48.395416" m_ty="-147.267090"/>
  </frame>
  <frame idx="550" w="514" h="286" x="-669.518494" y="-299.191315">
   <element name="whipline" layername="whipline" frame="4" z_index="9" m_a="-1.463257" m_b="0.317349" m_c="-0.290500" m_d="-1.339460" m_tx="-95.256989" m_ty="-131.385941"/>
  </frame>
  <frame idx="575" w="489" h="528" x="-723.568115" y="-537.410461">
   <element name="whipline" layername="whipline" frame="4" z_index="9" m_a="-1.588240" m_b="-0.174043" m_c="0.156244" m_d="-1.425815" m_tx="-138.690765" m_ty="-112.161736"/>
  </frame>
 </anim>
 <anim name="whip_up" root="swap_whip_kinki" numframes="600" framerate="40">
  <frame idx="0" w="320" h="1006" x="-144.450974" y="-385.206573">
   <element name="whipline" layername="whipline" frame="4" z_index="9" m_a="0.007654" m_b="1.442520" m_c="-2.228489" m_d="0.011824" m_tx="34.700001" m_ty="-417.850006"/>
  </frame>
  <frame idx="25" w="50" h="1098" x="45.044361" y="-392.779327">
   <element name="whipline" layername="whipline" frame="4" z_index="9" m_a="0.767279" m_b="1.475618" m_c="-2.049297" m_d="1.065575" m_tx="-76.072052" m_ty="-367.372070"/>
  </frame>
  <frame idx="50" w="465" h="1011" x="-41.925442" y="-387.222900">
   <element name="whipline" layername="whipline" frame="4" z_index="9" m_a="1.954522" m_b="1.135238" m_c="-1.147795" m_d="1.976142" m_tx="-219.771606" m_ty="-295.144836"/>
  </frame>
  <frame idx="75" w="540" h="598" x="-189.601501" y="-383.009705">
   <element name="whipline" layername="whipline" frame="3" z_index="9" m_a="2.523353" m_b="-0.379745" m_c="0.346450" m_d="2.302110" m_tx="-288.367096" m_ty="-148.460175"/>
  </frame>
  <frame idx="100" w="636" h="278" x="-294.161438" y="-461.067810">
   <element name="whipline" layername="whipline" frame="4" z_index="9" m_a="1.012835" m_b="-1.419460" m_c="2.149027" m_d="1.533407" m_tx="-214.899994" m_ty="-13.800000"/>
  </frame>
  <frame idx="125" w="300" h="646" x="-179.304352" y="-700.191895">
   <element name="whipline" layername="whipline" frame="4" z_index="9" m_a="-0.113367" m_b="-1.768350" m_c="2.335818" m_d="-0.149747" m_tx="-27.073221" m_ty="27.426569"/>
  </frame>
  <frame idx="150" w="154" h="431" x="-149.460785" y="-388.955139">
   <element name="whipline" layername="whipline" frame="3" z_index="9" m_a="-1.511751" m_b="-0.690567" m_c="0.675336" m_d="-1.478408" m_tx="138.545486" m_ty="-50.691784"/>
  </frame>
  <frame idx="175" w="327" h="76" x="-163.024887" y="-32.308777">
   <element name="whipline" layername="whipline" frame="4" z_index="9" m_a="-0.985328" m_b="0.064705" m_c="-0.064010" m_d="-0.974737" m_tx="213.072647" m_ty="-80.316299"/>
  </frame>
  <frame idx="200" w="350" h="52" x="64.731491" y="6.117870">
   <element name="whipline" layername="whipline" frame="5" z_index="9" m_a="0.292576" m_b="0.659707" m_c="0.884190" m_d="-0.392133" m_tx="108.343361" m_ty="-23.232403"/>
  </frame>
  <frame idx="225" w="130" h="5" x="177.104172" y="14.912625">
   <element name="whipline" layername="whipline" frame="5" z_index="9" m_a="1.231585" m_b="-0.268067" m_c="-0.104068" m_d="-0.478123" m_tx="142.195740" m_ty="11.621217"/>
  </frame>
  <frame idx="250" w="188" h="77" x="-91.238106" y="-14.908620">
   <element name="whipline" layername="whipline" frame="5" z_index="9" m_a="-0.528660" m_b="0.386277" m_c="-0.331158" m_d="-0.453224" m_tx="90.031448" m_ty="28.906372"/>
  </frame>
  <frame idx="275" w="330" h="148" x="-325.542664" y="-102.358078">
   <element name="whipline" layername="whipline" frame="7" z_index="9" m_a="-2.846551" m_b="0.056911" m_c="-0.016355" m_d="-0.818034" m_tx="-114.611511" m_ty="17.726810"/>
  </frame>
  <frame idx="300" w="370" h="314" x="-228.300201" y="-343.544403">
   <element name="whipline" layername="whipline" frame="1" z_index="9" m_a="0.181585" m_b="-2.689246" m_c="0.808771" m_d="0.054610" m_tx="-333.794281" m_ty="-32.440739"/>
  </frame>
  <frame idx="325" w="58" h="439" x="-261.371185" y="-473.144623">
   <element name="whipline" layername="whipline" frame="1" z_index="9" m_a="1.757310" m_b="-1.899549" m_c="-0.376806" m_d="-0.348591" m_tx="-168.195755" m_ty="9.413119"/>
  </frame>
  <frame idx="350" w="353" h="478" x="-154.685730" y="-472.486267">
   <element name="whipline" layername="whipline" frame="3" z_index="9" m_a="2.296879" m_b="-1.105875" m_c="-0.405589" m_d="-0.842400" m_tx="-305.937500" m_ty="-19.772295"/>
  </frame>
  <frame idx="375" w="374" h="429" x="-190.956223" y="-420.471558">
   <element name="whipline" layername="whipline" frame="3" z_index="9" m_a="2.196856" m_b="-0.451367" m_c="-0.198529" m_d="-0.966263" m_tx="-319.230408" m_ty="-65.305099"/>
  </frame>
  <frame idx="400" w="436" h="278" x="-221.857941" y="-322.092041">
   <element name="whipline" layername="whipline" frame="4" z_index="9" m_a="1.273152" m_b="0.167862" m_c="0.173842" m_d="-1.318509" m_tx="-280.049988" m_ty="-148.850006"/>
  </frame>
  <frame idx="425" w="434" h="127" x="-236.335342" y="-203.214462">
   <element name="whipline" layername="whipline" frame="4" z_index="9" m_a="1.077527" m_b="0.550699" m_c="0.596114" m_d="-1.166388" m_tx="-257.292664" m_ty="-191.055878"/>
  </frame>
  <frame idx="450" w="407" h="41" x="-248.833862" y="-138.452560">
   <element name="whipline" layername="whipline" frame="4" z_index="9" m_a="0.880078" m_b="0.748645" m_c="0.856014" m_d="-1.006297" m_tx="-243.112122" m_ty="-213.474243"/>
  </frame>
  <frame idx="475" w="347" h="78" x="-251.221359" y="-124.357704">
   <element name="whipline" layername="whipline" frame="4" z_index="9" m_a="0.585251" m_b="0.936021" m_c="1.094833" m_d="-0.684549" m_tx="-214.471207" m_ty="-228.519699"/>
  </frame>
  <frame idx="500" w="152" h="297" x="-218.381454" y="-194.557861">
   <element name="whipline" layername="whipline" frame="4" z_index="9" m_a="-0.038757" m_b="1.035255" m_c="1.135704" m_d="0.042518" m_tx="-144.850006" m_ty="-251.550003"/>
  </frame>
  <frame idx="525" w="34" h="469" x="-120.346390" y="-240.596771">
   <element name="whipline" layername="whipline" frame="4" z_index="9" m_a="-0.030415" m_b="1.137213" m_c="0.295139" m_d="0.007894" m_tx="-99.962502" m_ty="-293.125000"/>
  </frame>
  <frame idx="550" w="86" h="644" x="-107.454010" y="-287.549164">
   <element name="whipline" layername="whipline" frame="4" z_index="9" m_a="-0.019898" m_b="1.239100" m_c="-0.545940" m_d="-0.008767" m_tx="-55.075005" m_ty="-334.700012"/>
  </frame>
  <frame idx="575" w="203" h="823" x="-126.084068" y="-335.918091">
   <element name="whipline" layername="whipline" frame="4" z_index="9" m_a="-0.007208" m_b="1.340881" m_c="-1.387245" m_d="-0.007458" m_tx="-10.187501" m_ty="-376.274994"/>
  </frame>
 </anim>
</Anims>
