<Anims>
 <anim name="anim" root="plug_foxtail" numframes="1000" framerate="40">
  <frame idx="0" w="989" h="689" x="-602.989197" y="-477.989197">
   <element name="tail" layername="tail" frame="0" z_index="13" m_a="1.000000" m_b="0.000000" m_c="0.000000" m_d="1.000000" m_tx="85.000000" m_ty="-43.000000"/>
   <element name="tail" layername="tail" frame="1" z_index="12" m_a="1.000000" m_b="0.000000" m_c="0.000000" m_d="1.000000" m_tx="8.000000" m_ty="-29.000000"/>
   <element name="tail" layername="tail-2" frame="2" z_index="11" m_a="0.838588" m_b="0.544766" m_c="-0.544766" m_d="0.838588" m_tx="-62.564766" m_ty="-27.062176"/>
   <element name="tail" layername="tail-3" frame="3" z_index="10" m_a="1.000000" m_b="0.000000" m_c="0.000000" m_d="1.000000" m_tx="-400.000000" m_ty="-136.690643"/>
   <element name="tail" layername="tail-4" frame="4" z_index="9" m_a="1.000000" m_b="0.000000" m_c="0.000000" m_d="1.000000" m_tx="-488.489197" m_ty="-15.107914"/>
   <element name="tail" layername="tail-5" frame="5" z_index="8" m_a="1.000000" m_b="0.000000" m_c="0.000000" m_d="1.000000" m_tx="-352.517975" m_ty="82.733810"/>
  </frame>
  <frame idx="25" w="989" h="689" x="-602.989197" y="-477.989197">
   <element name="tail" layername="tail" frame="0" z_index="13" m_a="1.000000" m_b="0.000000" m_c="0.000000" m_d="1.000000" m_tx="85.000000" m_ty="-43.000000"/>
   <element name="tail" layername="tail" frame="1" z_index="12" m_a="1.000000" m_b="0.000000" m_c="0.000000" m_d="1.000000" m_tx="8.000000" m_ty="-29.000000"/>
   <element name="tail" layername="tail-2" frame="2" z_index="11" m_a="0.838588" m_b="0.544766" m_c="-0.544766" m_d="0.838588" m_tx="-62.564766" m_ty="-27.062176"/>
   <element name="tail" layername="tail-3" frame="3" z_index="10" m_a="1.000000" m_b="0.000000" m_c="0.000000" m_d="1.000000" m_tx="-400.000000" m_ty="-136.690643"/>
   <element name="tail" layername="tail-4" frame="4" z_index="9" m_a="1.000000" m_b="0.000000" m_c="0.000000" m_d="1.000000" m_tx="-488.489197" m_ty="-15.107914"/>
   <element name="tail" layername="tail-5" frame="5" z_index="8" m_a="1.000000" m_b="0.000000" m_c="0.000000" m_d="1.000000" m_tx="-352.517975" m_ty="82.733810"/>
  </frame>
  <frame idx="50" w="989" h="689" x="-602.989197" y="-477.989197">
   <element name="tail" layername="tail" frame="0" z_index="13" m_a="1.000000" m_b="0.000000" m_c="0.000000" m_d="1.000000" m_tx="85.000000" m_ty="-43.000000"/>
   <element name="tail" layername="tail" frame="1" z_index="12" m_a="1.000000" m_b="0.000000" m_c="0.000000" m_d="1.000000" m_tx="8.000000" m_ty="-29.000000"/>
   <element name="tail" layername="tail-2" frame="2" z_index="11" m_a="0.838588" m_b="0.544766" m_c="-0.544766" m_d="0.838588" m_tx="-62.564766" m_ty="-27.062176"/>
   <element name="tail" layername="tail-3" frame="3" z_index="10" m_a="1.000000" m_b="0.000000" m_c="0.000000" m_d="1.000000" m_tx="-400.000000" m_ty="-136.690643"/>
   <element name="tail" layername="tail-4" frame="4" z_index="9" m_a="1.000000" m_b="0.000000" m_c="0.000000" m_d="1.000000" m_tx="-488.489197" m_ty="-15.107914"/>
   <element name="tail" layername="tail-5" frame="5" z_index="8" m_a="1.000000" m_b="0.000000" m_c="0.000000" m_d="1.000000" m_tx="-352.517975" m_ty="82.733810"/>
  </frame>
  <frame idx="75" w="989" h="689" x="-602.989197" y="-477.989197">
   <element name="tail" layername="tail" frame="0" z_index="13" m_a="1.000000" m_b="0.000000" m_c="0.000000" m_d="1.000000" m_tx="85.000000" m_ty="-43.000000"/>
   <element name="tail" layername="tail" frame="1" z_index="12" m_a="1.000000" m_b="0.000000" m_c="0.000000" m_d="1.000000" m_tx="8.000000" m_ty="-29.000000"/>
   <element name="tail" layername="tail-2" frame="2" z_index="11" m_a="0.838588" m_b="0.544766" m_c="-0.544766" m_d="0.838588" m_tx="-62.564766" m_ty="-27.062176"/>
   <element name="tail" layername="tail-3" frame="3" z_index="10" m_a="1.000000" m_b="0.000000" m_c="0.000000" m_d="1.000000" m_tx="-400.000000" m_ty="-136.690643"/>
   <element name="tail" layername="tail-4" frame="4" z_index="9" m_a="1.000000" m_b="0.000000" m_c="0.000000" m_d="1.000000" m_tx="-488.489197" m_ty="-15.107914"/>
   <element name="tail" layername="tail-5" frame="5" z_index="8" m_a="1.000000" m_b="0.000000" m_c="0.000000" m_d="1.000000" m_tx="-352.517975" m_ty="82.733810"/>
  </frame>
  <frame idx="100" w="989" h="689" x="-602.989197" y="-477.989197">
   <element name="tail" layername="tail" frame="0" z_index="13" m_a="1.000000" m_b="0.000000" m_c="0.000000" m_d="1.000000" m_tx="85.000000" m_ty="-43.000000"/>
   <element name="tail" layername="tail" frame="1" z_index="12" m_a="1.000000" m_b="0.000000" m_c="0.000000" m_d="1.000000" m_tx="8.000000" m_ty="-29.000000"/>
   <element name="tail" layername="tail-2" frame="2" z_index="11" m_a="0.838588" m_b="0.544766" m_c="-0.544766" m_d="0.838588" m_tx="-62.564766" m_ty="-27.062176"/>
   <element name="tail" layername="tail-3" frame="3" z_index="10" m_a="1.000000" m_b="0.000000" m_c="0.000000" m_d="1.000000" m_tx="-400.000000" m_ty="-136.690643"/>
   <element name="tail" layername="tail-4" frame="4" z_index="9" m_a="1.000000" m_b="0.000000" m_c="0.000000" m_d="1.000000" m_tx="-488.489197" m_ty="-15.107914"/>
   <element name="tail" layername="tail-5" frame="5" z_index="8" m_a="1.000000" m_b="0.000000" m_c="0.000000" m_d="1.000000" m_tx="-352.517975" m_ty="82.733810"/>
  </frame>
  <frame idx="125" w="989" h="689" x="-602.989197" y="-477.989197">
   <element name="tail" layername="tail" frame="0" z_index="13" m_a="1.000000" m_b="0.000000" m_c="0.000000" m_d="1.000000" m_tx="85.000000" m_ty="-43.000000"/>
   <element name="tail" layername="tail" frame="1" z_index="12" m_a="1.000000" m_b="0.000000" m_c="0.000000" m_d="1.000000" m_tx="8.000000" m_ty="-29.000000"/>
   <element name="tail" layername="tail-2" frame="2" z_index="11" m_a="0.838588" m_b="0.544766" m_c="-0.544766" m_d="0.838588" m_tx="-62.564766" m_ty="-27.062176"/>
   <element name="tail" layername="tail-3" frame="3" z_index="10" m_a="1.000000" m_b="0.000000" m_c="0.000000" m_d="1.000000" m_tx="-400.000000" m_ty="-136.690643"/>
   <element name="tail" layername="tail-4" frame="4" z_index="9" m_a="1.000000" m_b="0.000000" m_c="0.000000" m_d="1.000000" m_tx="-488.489197" m_ty="-15.107914"/>
   <element name="tail" layername="tail-5" frame="5" z_index="8" m_a="1.000000" m_b="0.000000" m_c="0.000000" m_d="1.000000" m_tx="-352.517975" m_ty="82.733810"/>
  </frame>
  <frame idx="150" w="989" h="689" x="-602.989197" y="-477.989197">
   <element name="tail" layername="tail" frame="0" z_index="13" m_a="1.000000" m_b="0.000000" m_c="0.000000" m_d="1.000000" m_tx="85.000000" m_ty="-43.000000"/>
   <element name="tail" layername="tail" frame="1" z_index="12" m_a="1.000000" m_b="0.000000" m_c="0.000000" m_d="1.000000" m_tx="8.000000" m_ty="-29.000000"/>
   <element name="tail" layername="tail-2" frame="2" z_index="11" m_a="0.838588" m_b="0.544766" m_c="-0.544766" m_d="0.838588" m_tx="-62.564766" m_ty="-27.062176"/>
   <element name="tail" layername="tail-3" frame="3" z_index="10" m_a="1.000000" m_b="0.000000" m_c="0.000000" m_d="1.000000" m_tx="-400.000000" m_ty="-136.690643"/>
   <element name="tail" layername="tail-4" frame="4" z_index="9" m_a="1.000000" m_b="0.000000" m_c="0.000000" m_d="1.000000" m_tx="-488.489197" m_ty="-15.107914"/>
   <element name="tail" layername="tail-5" frame="5" z_index="8" m_a="1.000000" m_b="0.000000" m_c="0.000000" m_d="1.000000" m_tx="-352.517975" m_ty="82.733810"/>
  </frame>
  <frame idx="175" w="989" h="689" x="-602.989197" y="-477.989197">
   <element name="tail" layername="tail" frame="0" z_index="13" m_a="1.000000" m_b="0.000000" m_c="0.000000" m_d="1.000000" m_tx="85.000000" m_ty="-43.000000"/>
   <element name="tail" layername="tail" frame="1" z_index="12" m_a="1.000000" m_b="0.000000" m_c="0.000000" m_d="1.000000" m_tx="8.000000" m_ty="-29.000000"/>
   <element name="tail" layername="tail-2" frame="2" z_index="11" m_a="0.838588" m_b="0.544766" m_c="-0.544766" m_d="0.838588" m_tx="-62.564766" m_ty="-27.062176"/>
   <element name="tail" layername="tail-3" frame="3" z_index="10" m_a="1.000000" m_b="0.000000" m_c="0.000000" m_d="1.000000" m_tx="-400.000000" m_ty="-136.690643"/>
   <element name="tail" layername="tail-4" frame="4" z_index="9" m_a="1.000000" m_b="0.000000" m_c="0.000000" m_d="1.000000" m_tx="-488.489197" m_ty="-15.107914"/>
   <element name="tail" layername="tail-5" frame="5" z_index="8" m_a="1.000000" m_b="0.000000" m_c="0.000000" m_d="1.000000" m_tx="-352.517975" m_ty="82.733810"/>
  </frame>
  <frame idx="200" w="989" h="689" x="-602.989197" y="-477.989197">
   <element name="tail" layername="tail" frame="0" z_index="13" m_a="1.000000" m_b="0.000000" m_c="0.000000" m_d="1.000000" m_tx="85.000000" m_ty="-43.000000"/>
   <element name="tail" layername="tail" frame="1" z_index="12" m_a="1.000000" m_b="0.000000" m_c="0.000000" m_d="1.000000" m_tx="8.000000" m_ty="-29.000000"/>
   <element name="tail" layername="tail-2" frame="2" z_index="11" m_a="0.838588" m_b="0.544766" m_c="-0.544766" m_d="0.838588" m_tx="-62.564766" m_ty="-27.062176"/>
   <element name="tail" layername="tail-3" frame="3" z_index="10" m_a="1.000000" m_b="0.000000" m_c="0.000000" m_d="1.000000" m_tx="-400.000000" m_ty="-136.690643"/>
   <element name="tail" layername="tail-4" frame="4" z_index="9" m_a="1.000000" m_b="0.000000" m_c="0.000000" m_d="1.000000" m_tx="-488.489197" m_ty="-15.107914"/>
   <element name="tail" layername="tail-5" frame="5" z_index="8" m_a="1.000000" m_b="0.000000" m_c="0.000000" m_d="1.000000" m_tx="-352.517975" m_ty="82.733810"/>
  </frame>
  <frame idx="225" w="989" h="689" x="-602.989197" y="-477.989197">
   <element name="tail" layername="tail" frame="0" z_index="13" m_a="1.000000" m_b="0.000000" m_c="0.000000" m_d="1.000000" m_tx="85.000000" m_ty="-43.000000"/>
   <element name="tail" layername="tail" frame="1" z_index="12" m_a="1.000000" m_b="0.000000" m_c="0.000000" m_d="1.000000" m_tx="8.000000" m_ty="-29.000000"/>
   <element name="tail" layername="tail-2" frame="2" z_index="11" m_a="0.838588" m_b="0.544766" m_c="-0.544766" m_d="0.838588" m_tx="-62.564766" m_ty="-27.062176"/>
   <element name="tail" layername="tail-3" frame="3" z_index="10" m_a="1.000000" m_b="0.000000" m_c="0.000000" m_d="1.000000" m_tx="-400.000000" m_ty="-136.690643"/>
   <element name="tail" layername="tail-4" frame="4" z_index="9" m_a="1.000000" m_b="0.000000" m_c="0.000000" m_d="1.000000" m_tx="-488.489197" m_ty="-15.107914"/>
   <element name="tail" layername="tail-5" frame="5" z_index="8" m_a="1.000000" m_b="0.000000" m_c="0.000000" m_d="1.000000" m_tx="-352.517975" m_ty="82.733810"/>
  </frame>
  <frame idx="250" w="989" h="689" x="-602.989197" y="-477.989197">
   <element name="tail" layername="tail" frame="0" z_index="13" m_a="1.000000" m_b="0.000000" m_c="0.000000" m_d="1.000000" m_tx="85.000000" m_ty="-43.000000"/>
   <element name="tail" layername="tail" frame="1" z_index="12" m_a="1.000000" m_b="0.000000" m_c="0.000000" m_d="1.000000" m_tx="8.000000" m_ty="-29.000000"/>
   <element name="tail" layername="tail-2" frame="2" z_index="11" m_a="0.838588" m_b="0.544766" m_c="-0.544766" m_d="0.838588" m_tx="-62.564766" m_ty="-27.062176"/>
   <element name="tail" layername="tail-3" frame="3" z_index="10" m_a="1.000000" m_b="0.000000" m_c="0.000000" m_d="1.000000" m_tx="-400.000000" m_ty="-136.690643"/>
   <element name="tail" layername="tail-4" frame="4" z_index="9" m_a="1.000000" m_b="0.000000" m_c="0.000000" m_d="1.000000" m_tx="-488.489197" m_ty="-15.107914"/>
   <element name="tail" layername="tail-5" frame="5" z_index="8" m_a="1.000000" m_b="0.000000" m_c="0.000000" m_d="1.000000" m_tx="-352.517975" m_ty="82.733810"/>
  </frame>
  <frame idx="275" w="989" h="689" x="-602.989197" y="-477.989197">
   <element name="tail" layername="tail" frame="0" z_index="13" m_a="1.000000" m_b="0.000000" m_c="0.000000" m_d="1.000000" m_tx="85.000000" m_ty="-43.000000"/>
   <element name="tail" layername="tail" frame="1" z_index="12" m_a="1.000000" m_b="0.000000" m_c="0.000000" m_d="1.000000" m_tx="8.000000" m_ty="-29.000000"/>
   <element name="tail" layername="tail-2" frame="2" z_index="11" m_a="0.838588" m_b="0.544766" m_c="-0.544766" m_d="0.838588" m_tx="-62.564766" m_ty="-27.062176"/>
   <element name="tail" layername="tail-3" frame="3" z_index="10" m_a="1.000000" m_b="0.000000" m_c="0.000000" m_d="1.000000" m_tx="-400.000000" m_ty="-136.690643"/>
   <element name="tail" layername="tail-4" frame="4" z_index="9" m_a="1.000000" m_b="0.000000" m_c="0.000000" m_d="1.000000" m_tx="-488.489197" m_ty="-15.107914"/>
   <element name="tail" layername="tail-5" frame="5" z_index="8" m_a="1.000000" m_b="0.000000" m_c="0.000000" m_d="1.000000" m_tx="-352.517975" m_ty="82.733810"/>
  </frame>
  <frame idx="300" w="989" h="689" x="-602.989197" y="-477.989197">
   <element name="tail" layername="tail" frame="0" z_index="13" m_a="1.000000" m_b="0.000000" m_c="0.000000" m_d="1.000000" m_tx="85.000000" m_ty="-43.000000"/>
   <element name="tail" layername="tail" frame="1" z_index="12" m_a="1.000000" m_b="0.000000" m_c="0.000000" m_d="1.000000" m_tx="8.000000" m_ty="-29.000000"/>
   <element name="tail" layername="tail-2" frame="2" z_index="11" m_a="0.838588" m_b="0.544766" m_c="-0.544766" m_d="0.838588" m_tx="-62.564766" m_ty="-27.062176"/>
   <element name="tail" layername="tail-3" frame="3" z_index="10" m_a="1.000000" m_b="0.000000" m_c="0.000000" m_d="1.000000" m_tx="-400.000000" m_ty="-136.690643"/>
   <element name="tail" layername="tail-4" frame="4" z_index="9" m_a="1.000000" m_b="0.000000" m_c="0.000000" m_d="1.000000" m_tx="-488.489197" m_ty="-15.107914"/>
   <element name="tail" layername="tail-5" frame="5" z_index="8" m_a="1.000000" m_b="0.000000" m_c="0.000000" m_d="1.000000" m_tx="-352.517975" m_ty="82.733810"/>
  </frame>
  <frame idx="325" w="989" h="689" x="-602.989197" y="-477.989197">
   <element name="tail" layername="tail" frame="0" z_index="13" m_a="1.000000" m_b="0.000000" m_c="0.000000" m_d="1.000000" m_tx="85.000000" m_ty="-43.000000"/>
   <element name="tail" layername="tail" frame="1" z_index="12" m_a="1.000000" m_b="0.000000" m_c="0.000000" m_d="1.000000" m_tx="8.000000" m_ty="-29.000000"/>
   <element name="tail" layername="tail-2" frame="2" z_index="11" m_a="0.838588" m_b="0.544766" m_c="-0.544766" m_d="0.838588" m_tx="-62.564766" m_ty="-27.062176"/>
   <element name="tail" layername="tail-3" frame="3" z_index="10" m_a="1.000000" m_b="0.000000" m_c="0.000000" m_d="1.000000" m_tx="-400.000000" m_ty="-136.690643"/>
   <element name="tail" layername="tail-4" frame="4" z_index="9" m_a="1.000000" m_b="0.000000" m_c="0.000000" m_d="1.000000" m_tx="-488.489197" m_ty="-15.107914"/>
   <element name="tail" layername="tail-5" frame="5" z_index="8" m_a="1.000000" m_b="0.000000" m_c="0.000000" m_d="1.000000" m_tx="-352.517975" m_ty="82.733810"/>
  </frame>
  <frame idx="350" w="989" h="689" x="-602.989197" y="-477.989197">
   <element name="tail" layername="tail" frame="0" z_index="13" m_a="1.000000" m_b="0.000000" m_c="0.000000" m_d="1.000000" m_tx="85.000000" m_ty="-43.000000"/>
   <element name="tail" layername="tail" frame="1" z_index="12" m_a="1.000000" m_b="0.000000" m_c="0.000000" m_d="1.000000" m_tx="8.000000" m_ty="-29.000000"/>
   <element name="tail" layername="tail-2" frame="2" z_index="11" m_a="0.838588" m_b="0.544766" m_c="-0.544766" m_d="0.838588" m_tx="-62.564766" m_ty="-27.062176"/>
   <element name="tail" layername="tail-3" frame="3" z_index="10" m_a="1.000000" m_b="0.000000" m_c="0.000000" m_d="1.000000" m_tx="-400.000000" m_ty="-136.690643"/>
   <element name="tail" layername="tail-4" frame="4" z_index="9" m_a="1.000000" m_b="0.000000" m_c="0.000000" m_d="1.000000" m_tx="-488.489197" m_ty="-15.107914"/>
   <element name="tail" layername="tail-5" frame="5" z_index="8" m_a="1.000000" m_b="0.000000" m_c="0.000000" m_d="1.000000" m_tx="-352.517975" m_ty="82.733810"/>
  </frame>
  <frame idx="375" w="989" h="689" x="-602.989197" y="-477.989197">
   <element name="tail" layername="tail" frame="0" z_index="13" m_a="1.000000" m_b="0.000000" m_c="0.000000" m_d="1.000000" m_tx="85.000000" m_ty="-43.000000"/>
   <element name="tail" layername="tail" frame="1" z_index="12" m_a="1.000000" m_b="0.000000" m_c="0.000000" m_d="1.000000" m_tx="8.000000" m_ty="-29.000000"/>
   <element name="tail" layername="tail-2" frame="2" z_index="11" m_a="0.838588" m_b="0.544766" m_c="-0.544766" m_d="0.838588" m_tx="-62.564766" m_ty="-27.062176"/>
   <element name="tail" layername="tail-3" frame="3" z_index="10" m_a="1.000000" m_b="0.000000" m_c="0.000000" m_d="1.000000" m_tx="-400.000000" m_ty="-136.690643"/>
   <element name="tail" layername="tail-4" frame="4" z_index="9" m_a="1.000000" m_b="0.000000" m_c="0.000000" m_d="1.000000" m_tx="-488.489197" m_ty="-15.107914"/>
   <element name="tail" layername="tail-5" frame="5" z_index="8" m_a="1.000000" m_b="0.000000" m_c="0.000000" m_d="1.000000" m_tx="-352.517975" m_ty="82.733810"/>
  </frame>
  <frame idx="400" w="989" h="689" x="-602.989197" y="-477.989197">
   <element name="tail" layername="tail" frame="0" z_index="13" m_a="1.000000" m_b="0.000000" m_c="0.000000" m_d="1.000000" m_tx="85.000000" m_ty="-43.000000"/>
   <element name="tail" layername="tail" frame="1" z_index="12" m_a="1.000000" m_b="0.000000" m_c="0.000000" m_d="1.000000" m_tx="8.000000" m_ty="-29.000000"/>
   <element name="tail" layername="tail-2" frame="2" z_index="11" m_a="0.838588" m_b="0.544766" m_c="-0.544766" m_d="0.838588" m_tx="-62.564766" m_ty="-27.062176"/>
   <element name="tail" layername="tail-3" frame="3" z_index="10" m_a="1.000000" m_b="0.000000" m_c="0.000000" m_d="1.000000" m_tx="-400.000000" m_ty="-136.690643"/>
   <element name="tail" layername="tail-4" frame="4" z_index="9" m_a="1.000000" m_b="0.000000" m_c="0.000000" m_d="1.000000" m_tx="-488.489197" m_ty="-15.107914"/>
   <element name="tail" layername="tail-5" frame="5" z_index="8" m_a="1.000000" m_b="0.000000" m_c="0.000000" m_d="1.000000" m_tx="-352.517975" m_ty="82.733810"/>
  </frame>
  <frame idx="425" w="989" h="689" x="-602.989197" y="-477.989197">
   <element name="tail" layername="tail" frame="0" z_index="13" m_a="1.000000" m_b="0.000000" m_c="0.000000" m_d="1.000000" m_tx="85.000000" m_ty="-43.000000"/>
   <element name="tail" layername="tail" frame="1" z_index="12" m_a="1.000000" m_b="0.000000" m_c="0.000000" m_d="1.000000" m_tx="8.000000" m_ty="-29.000000"/>
   <element name="tail" layername="tail-2" frame="2" z_index="11" m_a="0.838588" m_b="0.544766" m_c="-0.544766" m_d="0.838588" m_tx="-62.564766" m_ty="-27.062176"/>
   <element name="tail" layername="tail-3" frame="3" z_index="10" m_a="1.000000" m_b="0.000000" m_c="0.000000" m_d="1.000000" m_tx="-400.000000" m_ty="-136.690643"/>
   <element name="tail" layername="tail-4" frame="4" z_index="9" m_a="1.000000" m_b="0.000000" m_c="0.000000" m_d="1.000000" m_tx="-488.489197" m_ty="-15.107914"/>
   <element name="tail" layername="tail-5" frame="5" z_index="8" m_a="1.000000" m_b="0.000000" m_c="0.000000" m_d="1.000000" m_tx="-352.517975" m_ty="82.733810"/>
  </frame>
  <frame idx="450" w="989" h="689" x="-602.989197" y="-477.989197">
   <element name="tail" layername="tail" frame="0" z_index="13" m_a="1.000000" m_b="0.000000" m_c="0.000000" m_d="1.000000" m_tx="85.000000" m_ty="-43.000000"/>
   <element name="tail" layername="tail" frame="1" z_index="12" m_a="1.000000" m_b="0.000000" m_c="0.000000" m_d="1.000000" m_tx="8.000000" m_ty="-29.000000"/>
   <element name="tail" layername="tail-2" frame="2" z_index="11" m_a="0.838588" m_b="0.544766" m_c="-0.544766" m_d="0.838588" m_tx="-62.564766" m_ty="-27.062176"/>
   <element name="tail" layername="tail-3" frame="3" z_index="10" m_a="1.000000" m_b="0.000000" m_c="0.000000" m_d="1.000000" m_tx="-400.000000" m_ty="-136.690643"/>
   <element name="tail" layername="tail-4" frame="4" z_index="9" m_a="1.000000" m_b="0.000000" m_c="0.000000" m_d="1.000000" m_tx="-488.489197" m_ty="-15.107914"/>
   <element name="tail" layername="tail-5" frame="5" z_index="8" m_a="1.000000" m_b="0.000000" m_c="0.000000" m_d="1.000000" m_tx="-352.517975" m_ty="82.733810"/>
  </frame>
  <frame idx="475" w="989" h="689" x="-602.989197" y="-477.989197">
   <element name="tail" layername="tail" frame="0" z_index="13" m_a="1.000000" m_b="0.000000" m_c="0.000000" m_d="1.000000" m_tx="85.000000" m_ty="-43.000000"/>
   <element name="tail" layername="tail" frame="1" z_index="12" m_a="1.000000" m_b="0.000000" m_c="0.000000" m_d="1.000000" m_tx="8.000000" m_ty="-29.000000"/>
   <element name="tail" layername="tail-2" frame="2" z_index="11" m_a="0.838588" m_b="0.544766" m_c="-0.544766" m_d="0.838588" m_tx="-62.564766" m_ty="-27.062176"/>
   <element name="tail" layername="tail-3" frame="3" z_index="10" m_a="1.000000" m_b="0.000000" m_c="0.000000" m_d="1.000000" m_tx="-400.000000" m_ty="-136.690643"/>
   <element name="tail" layername="tail-4" frame="4" z_index="9" m_a="1.000000" m_b="0.000000" m_c="0.000000" m_d="1.000000" m_tx="-488.489197" m_ty="-15.107914"/>
   <element name="tail" layername="tail-5" frame="5" z_index="8" m_a="1.000000" m_b="0.000000" m_c="0.000000" m_d="1.000000" m_tx="-352.517975" m_ty="82.733810"/>
  </frame>
  <frame idx="500" w="989" h="689" x="-602.989197" y="-477.989197">
   <element name="tail" layername="tail" frame="0" z_index="13" m_a="1.000000" m_b="0.000000" m_c="0.000000" m_d="1.000000" m_tx="85.000000" m_ty="-43.000000"/>
   <element name="tail" layername="tail" frame="1" z_index="12" m_a="1.000000" m_b="0.000000" m_c="0.000000" m_d="1.000000" m_tx="8.000000" m_ty="-29.000000"/>
   <element name="tail" layername="tail-2" frame="2" z_index="11" m_a="0.838588" m_b="0.544766" m_c="-0.544766" m_d="0.838588" m_tx="-62.564766" m_ty="-27.062176"/>
   <element name="tail" layername="tail-3" frame="3" z_index="10" m_a="1.000000" m_b="0.000000" m_c="0.000000" m_d="1.000000" m_tx="-400.000000" m_ty="-136.690643"/>
   <element name="tail" layername="tail-4" frame="4" z_index="9" m_a="1.000000" m_b="0.000000" m_c="0.000000" m_d="1.000000" m_tx="-488.489197" m_ty="-15.107914"/>
   <element name="tail" layername="tail-5" frame="5" z_index="8" m_a="1.000000" m_b="0.000000" m_c="0.000000" m_d="1.000000" m_tx="-352.517975" m_ty="82.733810"/>
  </frame>
  <frame idx="525" w="989" h="689" x="-602.989197" y="-477.989197">
   <element name="tail" layername="tail" frame="0" z_index="13" m_a="1.000000" m_b="0.000000" m_c="0.000000" m_d="1.000000" m_tx="85.000000" m_ty="-43.000000"/>
   <element name="tail" layername="tail" frame="1" z_index="12" m_a="1.000000" m_b="0.000000" m_c="0.000000" m_d="1.000000" m_tx="8.000000" m_ty="-29.000000"/>
   <element name="tail" layername="tail-2" frame="2" z_index="11" m_a="0.838588" m_b="0.544766" m_c="-0.544766" m_d="0.838588" m_tx="-62.564766" m_ty="-27.062176"/>
   <element name="tail" layername="tail-3" frame="3" z_index="10" m_a="1.000000" m_b="0.000000" m_c="0.000000" m_d="1.000000" m_tx="-400.000000" m_ty="-136.690643"/>
   <element name="tail" layername="tail-4" frame="4" z_index="9" m_a="1.000000" m_b="0.000000" m_c="0.000000" m_d="1.000000" m_tx="-488.489197" m_ty="-15.107914"/>
   <element name="tail" layername="tail-5" frame="5" z_index="8" m_a="1.000000" m_b="0.000000" m_c="0.000000" m_d="1.000000" m_tx="-352.517975" m_ty="82.733810"/>
  </frame>
  <frame idx="550" w="989" h="689" x="-602.989197" y="-477.989197">
   <element name="tail" layername="tail" frame="0" z_index="13" m_a="1.000000" m_b="0.000000" m_c="0.000000" m_d="1.000000" m_tx="85.000000" m_ty="-43.000000"/>
   <element name="tail" layername="tail" frame="1" z_index="12" m_a="1.000000" m_b="0.000000" m_c="0.000000" m_d="1.000000" m_tx="8.000000" m_ty="-29.000000"/>
   <element name="tail" layername="tail-2" frame="2" z_index="11" m_a="0.838588" m_b="0.544766" m_c="-0.544766" m_d="0.838588" m_tx="-62.564766" m_ty="-27.062176"/>
   <element name="tail" layername="tail-3" frame="3" z_index="10" m_a="1.000000" m_b="0.000000" m_c="0.000000" m_d="1.000000" m_tx="-400.000000" m_ty="-136.690643"/>
   <element name="tail" layername="tail-4" frame="4" z_index="9" m_a="1.000000" m_b="0.000000" m_c="0.000000" m_d="1.000000" m_tx="-488.489197" m_ty="-15.107914"/>
   <element name="tail" layername="tail-5" frame="5" z_index="8" m_a="1.000000" m_b="0.000000" m_c="0.000000" m_d="1.000000" m_tx="-352.517975" m_ty="82.733810"/>
  </frame>
  <frame idx="575" w="989" h="689" x="-602.989197" y="-477.989197">
   <element name="tail" layername="tail" frame="0" z_index="13" m_a="1.000000" m_b="0.000000" m_c="0.000000" m_d="1.000000" m_tx="85.000000" m_ty="-43.000000"/>
   <element name="tail" layername="tail" frame="1" z_index="12" m_a="1.000000" m_b="0.000000" m_c="0.000000" m_d="1.000000" m_tx="8.000000" m_ty="-29.000000"/>
   <element name="tail" layername="tail-2" frame="2" z_index="11" m_a="0.838588" m_b="0.544766" m_c="-0.544766" m_d="0.838588" m_tx="-62.564766" m_ty="-27.062176"/>
   <element name="tail" layername="tail-3" frame="3" z_index="10" m_a="1.000000" m_b="0.000000" m_c="0.000000" m_d="1.000000" m_tx="-400.000000" m_ty="-136.690643"/>
   <element name="tail" layername="tail-4" frame="4" z_index="9" m_a="1.000000" m_b="0.000000" m_c="0.000000" m_d="1.000000" m_tx="-488.489197" m_ty="-15.107914"/>
   <element name="tail" layername="tail-5" frame="5" z_index="8" m_a="1.000000" m_b="0.000000" m_c="0.000000" m_d="1.000000" m_tx="-352.517975" m_ty="82.733810"/>
  </frame>
  <frame idx="600" w="989" h="689" x="-602.989197" y="-477.989197">
   <element name="tail" layername="tail" frame="0" z_index="13" m_a="1.000000" m_b="0.000000" m_c="0.000000" m_d="1.000000" m_tx="85.000000" m_ty="-43.000000"/>
   <element name="tail" layername="tail" frame="1" z_index="12" m_a="1.000000" m_b="0.000000" m_c="0.000000" m_d="1.000000" m_tx="8.000000" m_ty="-29.000000"/>
   <element name="tail" layername="tail-2" frame="2" z_index="11" m_a="0.838588" m_b="0.544766" m_c="-0.544766" m_d="0.838588" m_tx="-62.564766" m_ty="-27.062176"/>
   <element name="tail" layername="tail-3" frame="3" z_index="10" m_a="1.000000" m_b="0.000000" m_c="0.000000" m_d="1.000000" m_tx="-400.000000" m_ty="-136.690643"/>
   <element name="tail" layername="tail-4" frame="4" z_index="9" m_a="1.000000" m_b="0.000000" m_c="0.000000" m_d="1.000000" m_tx="-488.489197" m_ty="-15.107914"/>
   <element name="tail" layername="tail-5" frame="5" z_index="8" m_a="1.000000" m_b="0.000000" m_c="0.000000" m_d="1.000000" m_tx="-352.517975" m_ty="82.733810"/>
  </frame>
  <frame idx="625" w="989" h="689" x="-602.989197" y="-477.989197">
   <element name="tail" layername="tail" frame="0" z_index="13" m_a="1.000000" m_b="0.000000" m_c="0.000000" m_d="1.000000" m_tx="85.000000" m_ty="-43.000000"/>
   <element name="tail" layername="tail" frame="1" z_index="12" m_a="1.000000" m_b="0.000000" m_c="0.000000" m_d="1.000000" m_tx="8.000000" m_ty="-29.000000"/>
   <element name="tail" layername="tail-2" frame="2" z_index="11" m_a="0.838588" m_b="0.544766" m_c="-0.544766" m_d="0.838588" m_tx="-62.564766" m_ty="-27.062176"/>
   <element name="tail" layername="tail-3" frame="3" z_index="10" m_a="1.000000" m_b="0.000000" m_c="0.000000" m_d="1.000000" m_tx="-400.000000" m_ty="-136.690643"/>
   <element name="tail" layername="tail-4" frame="4" z_index="9" m_a="1.000000" m_b="0.000000" m_c="0.000000" m_d="1.000000" m_tx="-488.489197" m_ty="-15.107914"/>
   <element name="tail" layername="tail-5" frame="5" z_index="8" m_a="1.000000" m_b="0.000000" m_c="0.000000" m_d="1.000000" m_tx="-352.517975" m_ty="82.733810"/>
  </frame>
  <frame idx="650" w="989" h="689" x="-602.989197" y="-477.989197">
   <element name="tail" layername="tail" frame="0" z_index="13" m_a="1.000000" m_b="0.000000" m_c="0.000000" m_d="1.000000" m_tx="85.000000" m_ty="-43.000000"/>
   <element name="tail" layername="tail" frame="1" z_index="12" m_a="1.000000" m_b="0.000000" m_c="0.000000" m_d="1.000000" m_tx="8.000000" m_ty="-29.000000"/>
   <element name="tail" layername="tail-2" frame="2" z_index="11" m_a="0.838588" m_b="0.544766" m_c="-0.544766" m_d="0.838588" m_tx="-62.564766" m_ty="-27.062176"/>
   <element name="tail" layername="tail-3" frame="3" z_index="10" m_a="1.000000" m_b="0.000000" m_c="0.000000" m_d="1.000000" m_tx="-400.000000" m_ty="-136.690643"/>
   <element name="tail" layername="tail-4" frame="4" z_index="9" m_a="1.000000" m_b="0.000000" m_c="0.000000" m_d="1.000000" m_tx="-488.489197" m_ty="-15.107914"/>
   <element name="tail" layername="tail-5" frame="5" z_index="8" m_a="1.000000" m_b="0.000000" m_c="0.000000" m_d="1.000000" m_tx="-352.517975" m_ty="82.733810"/>
  </frame>
  <frame idx="675" w="989" h="689" x="-602.989197" y="-477.989197">
   <element name="tail" layername="tail" frame="0" z_index="13" m_a="1.000000" m_b="0.000000" m_c="0.000000" m_d="1.000000" m_tx="85.000000" m_ty="-43.000000"/>
   <element name="tail" layername="tail" frame="1" z_index="12" m_a="1.000000" m_b="0.000000" m_c="0.000000" m_d="1.000000" m_tx="8.000000" m_ty="-29.000000"/>
   <element name="tail" layername="tail-2" frame="2" z_index="11" m_a="0.838588" m_b="0.544766" m_c="-0.544766" m_d="0.838588" m_tx="-62.564766" m_ty="-27.062176"/>
   <element name="tail" layername="tail-3" frame="3" z_index="10" m_a="1.000000" m_b="0.000000" m_c="0.000000" m_d="1.000000" m_tx="-400.000000" m_ty="-136.690643"/>
   <element name="tail" layername="tail-4" frame="4" z_index="9" m_a="1.000000" m_b="0.000000" m_c="0.000000" m_d="1.000000" m_tx="-488.489197" m_ty="-15.107914"/>
   <element name="tail" layername="tail-5" frame="5" z_index="8" m_a="1.000000" m_b="0.000000" m_c="0.000000" m_d="1.000000" m_tx="-352.517975" m_ty="82.733810"/>
  </frame>
  <frame idx="700" w="989" h="689" x="-602.989197" y="-477.989197">
   <element name="tail" layername="tail" frame="0" z_index="13" m_a="1.000000" m_b="0.000000" m_c="0.000000" m_d="1.000000" m_tx="85.000000" m_ty="-43.000000"/>
   <element name="tail" layername="tail" frame="1" z_index="12" m_a="1.000000" m_b="0.000000" m_c="0.000000" m_d="1.000000" m_tx="8.000000" m_ty="-29.000000"/>
   <element name="tail" layername="tail-2" frame="2" z_index="11" m_a="0.838588" m_b="0.544766" m_c="-0.544766" m_d="0.838588" m_tx="-62.564766" m_ty="-27.062176"/>
   <element name="tail" layername="tail-3" frame="3" z_index="10" m_a="1.000000" m_b="0.000000" m_c="0.000000" m_d="1.000000" m_tx="-400.000000" m_ty="-136.690643"/>
   <element name="tail" layername="tail-4" frame="4" z_index="9" m_a="1.000000" m_b="0.000000" m_c="0.000000" m_d="1.000000" m_tx="-488.489197" m_ty="-15.107914"/>
   <element name="tail" layername="tail-5" frame="5" z_index="8" m_a="1.000000" m_b="0.000000" m_c="0.000000" m_d="1.000000" m_tx="-352.517975" m_ty="82.733810"/>
  </frame>
  <frame idx="725" w="989" h="689" x="-602.989197" y="-477.989197">
   <element name="tail" layername="tail" frame="0" z_index="13" m_a="1.000000" m_b="0.000000" m_c="0.000000" m_d="1.000000" m_tx="85.000000" m_ty="-43.000000"/>
   <element name="tail" layername="tail" frame="1" z_index="12" m_a="1.000000" m_b="0.000000" m_c="0.000000" m_d="1.000000" m_tx="8.000000" m_ty="-29.000000"/>
   <element name="tail" layername="tail-2" frame="2" z_index="11" m_a="0.838588" m_b="0.544766" m_c="-0.544766" m_d="0.838588" m_tx="-62.564766" m_ty="-27.062176"/>
   <element name="tail" layername="tail-3" frame="3" z_index="10" m_a="1.000000" m_b="0.000000" m_c="0.000000" m_d="1.000000" m_tx="-400.000000" m_ty="-136.690643"/>
   <element name="tail" layername="tail-4" frame="4" z_index="9" m_a="1.000000" m_b="0.000000" m_c="0.000000" m_d="1.000000" m_tx="-488.489197" m_ty="-15.107914"/>
   <element name="tail" layername="tail-5" frame="5" z_index="8" m_a="1.000000" m_b="0.000000" m_c="0.000000" m_d="1.000000" m_tx="-352.517975" m_ty="82.733810"/>
  </frame>
  <frame idx="750" w="989" h="689" x="-602.989197" y="-477.989197">
   <element name="tail" layername="tail" frame="0" z_index="13" m_a="1.000000" m_b="0.000000" m_c="0.000000" m_d="1.000000" m_tx="85.000000" m_ty="-43.000000"/>
   <element name="tail" layername="tail" frame="1" z_index="12" m_a="1.000000" m_b="0.000000" m_c="0.000000" m_d="1.000000" m_tx="8.000000" m_ty="-29.000000"/>
   <element name="tail" layername="tail-2" frame="2" z_index="11" m_a="0.838588" m_b="0.544766" m_c="-0.544766" m_d="0.838588" m_tx="-62.564766" m_ty="-27.062176"/>
   <element name="tail" layername="tail-3" frame="3" z_index="10" m_a="1.000000" m_b="0.000000" m_c="0.000000" m_d="1.000000" m_tx="-400.000000" m_ty="-136.690643"/>
   <element name="tail" layername="tail-4" frame="4" z_index="9" m_a="1.000000" m_b="0.000000" m_c="0.000000" m_d="1.000000" m_tx="-488.489197" m_ty="-15.107914"/>
   <element name="tail" layername="tail-5" frame="5" z_index="8" m_a="1.000000" m_b="0.000000" m_c="0.000000" m_d="1.000000" m_tx="-352.517975" m_ty="82.733810"/>
  </frame>
  <frame idx="775" w="989" h="689" x="-602.989197" y="-477.989197">
   <element name="tail" layername="tail" frame="0" z_index="13" m_a="1.000000" m_b="0.000000" m_c="0.000000" m_d="1.000000" m_tx="85.000000" m_ty="-43.000000"/>
   <element name="tail" layername="tail" frame="1" z_index="12" m_a="1.000000" m_b="0.000000" m_c="0.000000" m_d="1.000000" m_tx="8.000000" m_ty="-29.000000"/>
   <element name="tail" layername="tail-2" frame="2" z_index="11" m_a="0.838588" m_b="0.544766" m_c="-0.544766" m_d="0.838588" m_tx="-62.564766" m_ty="-27.062176"/>
   <element name="tail" layername="tail-3" frame="3" z_index="10" m_a="1.000000" m_b="0.000000" m_c="0.000000" m_d="1.000000" m_tx="-400.000000" m_ty="-136.690643"/>
   <element name="tail" layername="tail-4" frame="4" z_index="9" m_a="1.000000" m_b="0.000000" m_c="0.000000" m_d="1.000000" m_tx="-488.489197" m_ty="-15.107914"/>
   <element name="tail" layername="tail-5" frame="5" z_index="8" m_a="1.000000" m_b="0.000000" m_c="0.000000" m_d="1.000000" m_tx="-352.517975" m_ty="82.733810"/>
  </frame>
  <frame idx="800" w="989" h="689" x="-602.989197" y="-477.989197">
   <element name="tail" layername="tail" frame="0" z_index="13" m_a="1.000000" m_b="0.000000" m_c="0.000000" m_d="1.000000" m_tx="85.000000" m_ty="-43.000000"/>
   <element name="tail" layername="tail" frame="1" z_index="12" m_a="1.000000" m_b="0.000000" m_c="0.000000" m_d="1.000000" m_tx="8.000000" m_ty="-29.000000"/>
   <element name="tail" layername="tail-2" frame="2" z_index="11" m_a="0.838588" m_b="0.544766" m_c="-0.544766" m_d="0.838588" m_tx="-62.564766" m_ty="-27.062176"/>
   <element name="tail" layername="tail-3" frame="3" z_index="10" m_a="1.000000" m_b="0.000000" m_c="0.000000" m_d="1.000000" m_tx="-400.000000" m_ty="-136.690643"/>
   <element name="tail" layername="tail-4" frame="4" z_index="9" m_a="1.000000" m_b="0.000000" m_c="0.000000" m_d="1.000000" m_tx="-488.489197" m_ty="-15.107914"/>
   <element name="tail" layername="tail-5" frame="5" z_index="8" m_a="1.000000" m_b="0.000000" m_c="0.000000" m_d="1.000000" m_tx="-352.517975" m_ty="82.733810"/>
  </frame>
  <frame idx="825" w="989" h="689" x="-602.989197" y="-477.989197">
   <element name="tail" layername="tail" frame="0" z_index="13" m_a="1.000000" m_b="0.000000" m_c="0.000000" m_d="1.000000" m_tx="85.000000" m_ty="-43.000000"/>
   <element name="tail" layername="tail" frame="1" z_index="12" m_a="1.000000" m_b="0.000000" m_c="0.000000" m_d="1.000000" m_tx="8.000000" m_ty="-29.000000"/>
   <element name="tail" layername="tail-2" frame="2" z_index="11" m_a="0.838588" m_b="0.544766" m_c="-0.544766" m_d="0.838588" m_tx="-62.564766" m_ty="-27.062176"/>
   <element name="tail" layername="tail-3" frame="3" z_index="10" m_a="1.000000" m_b="0.000000" m_c="0.000000" m_d="1.000000" m_tx="-400.000000" m_ty="-136.690643"/>
   <element name="tail" layername="tail-4" frame="4" z_index="9" m_a="1.000000" m_b="0.000000" m_c="0.000000" m_d="1.000000" m_tx="-488.489197" m_ty="-15.107914"/>
   <element name="tail" layername="tail-5" frame="5" z_index="8" m_a="1.000000" m_b="0.000000" m_c="0.000000" m_d="1.000000" m_tx="-352.517975" m_ty="82.733810"/>
  </frame>
  <frame idx="850" w="989" h="689" x="-602.989197" y="-477.989197">
   <element name="tail" layername="tail" frame="0" z_index="13" m_a="1.000000" m_b="0.000000" m_c="0.000000" m_d="1.000000" m_tx="85.000000" m_ty="-43.000000"/>
   <element name="tail" layername="tail" frame="1" z_index="12" m_a="1.000000" m_b="0.000000" m_c="0.000000" m_d="1.000000" m_tx="8.000000" m_ty="-29.000000"/>
   <element name="tail" layername="tail-2" frame="2" z_index="11" m_a="0.838588" m_b="0.544766" m_c="-0.544766" m_d="0.838588" m_tx="-62.564766" m_ty="-27.062176"/>
   <element name="tail" layername="tail-3" frame="3" z_index="10" m_a="1.000000" m_b="0.000000" m_c="0.000000" m_d="1.000000" m_tx="-400.000000" m_ty="-136.690643"/>
   <element name="tail" layername="tail-4" frame="4" z_index="9" m_a="1.000000" m_b="0.000000" m_c="0.000000" m_d="1.000000" m_tx="-488.489197" m_ty="-15.107914"/>
   <element name="tail" layername="tail-5" frame="5" z_index="8" m_a="1.000000" m_b="0.000000" m_c="0.000000" m_d="1.000000" m_tx="-352.517975" m_ty="82.733810"/>
  </frame>
  <frame idx="875" w="989" h="689" x="-602.989197" y="-477.989197">
   <element name="tail" layername="tail" frame="0" z_index="13" m_a="1.000000" m_b="0.000000" m_c="0.000000" m_d="1.000000" m_tx="85.000000" m_ty="-43.000000"/>
   <element name="tail" layername="tail" frame="1" z_index="12" m_a="1.000000" m_b="0.000000" m_c="0.000000" m_d="1.000000" m_tx="8.000000" m_ty="-29.000000"/>
   <element name="tail" layername="tail-2" frame="2" z_index="11" m_a="0.838588" m_b="0.544766" m_c="-0.544766" m_d="0.838588" m_tx="-62.564766" m_ty="-27.062176"/>
   <element name="tail" layername="tail-3" frame="3" z_index="10" m_a="1.000000" m_b="0.000000" m_c="0.000000" m_d="1.000000" m_tx="-400.000000" m_ty="-136.690643"/>
   <element name="tail" layername="tail-4" frame="4" z_index="9" m_a="1.000000" m_b="0.000000" m_c="0.000000" m_d="1.000000" m_tx="-488.489197" m_ty="-15.107914"/>
   <element name="tail" layername="tail-5" frame="5" z_index="8" m_a="1.000000" m_b="0.000000" m_c="0.000000" m_d="1.000000" m_tx="-352.517975" m_ty="82.733810"/>
  </frame>
  <frame idx="900" w="989" h="689" x="-602.989197" y="-477.989197">
   <element name="tail" layername="tail" frame="0" z_index="13" m_a="1.000000" m_b="0.000000" m_c="0.000000" m_d="1.000000" m_tx="85.000000" m_ty="-43.000000"/>
   <element name="tail" layername="tail" frame="1" z_index="12" m_a="1.000000" m_b="0.000000" m_c="0.000000" m_d="1.000000" m_tx="8.000000" m_ty="-29.000000"/>
   <element name="tail" layername="tail-2" frame="2" z_index="11" m_a="0.838588" m_b="0.544766" m_c="-0.544766" m_d="0.838588" m_tx="-62.564766" m_ty="-27.062176"/>
   <element name="tail" layername="tail-3" frame="3" z_index="10" m_a="1.000000" m_b="0.000000" m_c="0.000000" m_d="1.000000" m_tx="-400.000000" m_ty="-136.690643"/>
   <element name="tail" layername="tail-4" frame="4" z_index="9" m_a="1.000000" m_b="0.000000" m_c="0.000000" m_d="1.000000" m_tx="-488.489197" m_ty="-15.107914"/>
   <element name="tail" layername="tail-5" frame="5" z_index="8" m_a="1.000000" m_b="0.000000" m_c="0.000000" m_d="1.000000" m_tx="-352.517975" m_ty="82.733810"/>
  </frame>
  <frame idx="925" w="989" h="689" x="-602.989197" y="-477.989197">
   <element name="tail" layername="tail" frame="0" z_index="13" m_a="1.000000" m_b="0.000000" m_c="0.000000" m_d="1.000000" m_tx="85.000000" m_ty="-43.000000"/>
   <element name="tail" layername="tail" frame="1" z_index="12" m_a="1.000000" m_b="0.000000" m_c="0.000000" m_d="1.000000" m_tx="8.000000" m_ty="-29.000000"/>
   <element name="tail" layername="tail-2" frame="2" z_index="11" m_a="0.838588" m_b="0.544766" m_c="-0.544766" m_d="0.838588" m_tx="-62.564766" m_ty="-27.062176"/>
   <element name="tail" layername="tail-3" frame="3" z_index="10" m_a="1.000000" m_b="0.000000" m_c="0.000000" m_d="1.000000" m_tx="-400.000000" m_ty="-136.690643"/>
   <element name="tail" layername="tail-4" frame="4" z_index="9" m_a="1.000000" m_b="0.000000" m_c="0.000000" m_d="1.000000" m_tx="-488.489197" m_ty="-15.107914"/>
   <element name="tail" layername="tail-5" frame="5" z_index="8" m_a="1.000000" m_b="0.000000" m_c="0.000000" m_d="1.000000" m_tx="-352.517975" m_ty="82.733810"/>
  </frame>
  <frame idx="950" w="989" h="689" x="-602.989197" y="-477.989197">
   <element name="tail" layername="tail" frame="0" z_index="13" m_a="1.000000" m_b="0.000000" m_c="0.000000" m_d="1.000000" m_tx="85.000000" m_ty="-43.000000"/>
   <element name="tail" layername="tail" frame="1" z_index="12" m_a="1.000000" m_b="0.000000" m_c="0.000000" m_d="1.000000" m_tx="8.000000" m_ty="-29.000000"/>
   <element name="tail" layername="tail-2" frame="2" z_index="11" m_a="0.838588" m_b="0.544766" m_c="-0.544766" m_d="0.838588" m_tx="-62.564766" m_ty="-27.062176"/>
   <element name="tail" layername="tail-3" frame="3" z_index="10" m_a="1.000000" m_b="0.000000" m_c="0.000000" m_d="1.000000" m_tx="-400.000000" m_ty="-136.690643"/>
   <element name="tail" layername="tail-4" frame="4" z_index="9" m_a="1.000000" m_b="0.000000" m_c="0.000000" m_d="1.000000" m_tx="-488.489197" m_ty="-15.107914"/>
   <element name="tail" layername="tail-5" frame="5" z_index="8" m_a="1.000000" m_b="0.000000" m_c="0.000000" m_d="1.000000" m_tx="-352.517975" m_ty="82.733810"/>
  </frame>
  <frame idx="975" w="989" h="689" x="-602.989197" y="-477.989197">
   <element name="tail" layername="tail" frame="0" z_index="13" m_a="1.000000" m_b="0.000000" m_c="0.000000" m_d="1.000000" m_tx="85.000000" m_ty="-43.000000"/>
   <element name="tail" layername="tail" frame="1" z_index="12" m_a="1.000000" m_b="0.000000" m_c="0.000000" m_d="1.000000" m_tx="8.000000" m_ty="-29.000000"/>
   <element name="tail" layername="tail-2" frame="2" z_index="11" m_a="0.838588" m_b="0.544766" m_c="-0.544766" m_d="0.838588" m_tx="-62.564766" m_ty="-27.062176"/>
   <element name="tail" layername="tail-3" frame="3" z_index="10" m_a="1.000000" m_b="0.000000" m_c="0.000000" m_d="1.000000" m_tx="-400.000000" m_ty="-136.690643"/>
   <element name="tail" layername="tail-4" frame="4" z_index="9" m_a="1.000000" m_b="0.000000" m_c="0.000000" m_d="1.000000" m_tx="-488.489197" m_ty="-15.107914"/>
   <element name="tail" layername="tail-5" frame="5" z_index="8" m_a="1.000000" m_b="0.000000" m_c="0.000000" m_d="1.000000" m_tx="-352.517975" m_ty="82.733810"/>
  </frame>
 </anim>
 <anim name="idle" root="plug_foxtail" numframes="1000" framerate="40">
  <frame idx="0" w="952" h="713" x="-599.989197" y="-479.989197">
   <element name="tail" layername="tail" frame="0" z_index="12" m_a="0.998774" m_b="-0.049506" m_c="0.049506" m_d="0.998774" m_tx="49.766838" m_ty="-14.502591"/>
   <element name="tail" layername="tail" frame="1" z_index="11" m_a="0.852296" m_b="0.523060" m_c="-0.523060" m_d="0.852296" m_tx="-15.316062" m_ty="1.569948"/>
   <element name="tail" layername="tail-2" frame="2" z_index="10" m_a="-0.992476" m_b="-0.122441" m_c="0.122441" m_d="-0.992476" m_tx="-33.549225" m_ty="-32.243523"/>
   <element name="tail" layername="tail-3" frame="3" z_index="9" m_a="1.000000" m_b="0.000000" m_c="0.000000" m_d="1.000000" m_tx="-400.000000" m_ty="-136.690643"/>
   <element name="tail" layername="tail-4" frame="4" z_index="8" m_a="1.000000" m_b="0.000000" m_c="0.000000" m_d="1.000000" m_tx="-488.489197" m_ty="-15.107914"/>
   <element name="tail" layername="tail-5" frame="5" z_index="7" m_a="1.000000" m_b="0.000000" m_c="0.000000" m_d="1.000000" m_tx="-352.517975" m_ty="82.733810"/>
   <element name="plug_tail" layername="plug_tail" frame="0" z_index="13" m_a="-0.415918" m_b="-0.031710" m_c="0.029822" m_d="-0.391166" m_tx="81.060448" m_ty="11.673103"/>
  </frame>
  <frame idx="25" w="952" h="713" x="-599.989197" y="-479.989197">
   <element name="tail" layername="tail" frame="0" z_index="12" m_a="0.998774" m_b="-0.049506" m_c="0.049506" m_d="0.998774" m_tx="49.766838" m_ty="-14.502591"/>
   <element name="tail" layername="tail" frame="1" z_index="11" m_a="0.852296" m_b="0.523060" m_c="-0.523060" m_d="0.852296" m_tx="-15.316062" m_ty="1.569948"/>
   <element name="tail" layername="tail-2" frame="2" z_index="10" m_a="-0.992476" m_b="-0.122441" m_c="0.122441" m_d="-0.992476" m_tx="-33.549225" m_ty="-32.243523"/>
   <element name="tail" layername="tail-3" frame="3" z_index="9" m_a="1.000000" m_b="0.000000" m_c="0.000000" m_d="1.000000" m_tx="-400.000000" m_ty="-136.690643"/>
   <element name="tail" layername="tail-4" frame="4" z_index="8" m_a="1.000000" m_b="0.000000" m_c="0.000000" m_d="1.000000" m_tx="-488.489197" m_ty="-15.107914"/>
   <element name="tail" layername="tail-5" frame="5" z_index="7" m_a="1.000000" m_b="0.000000" m_c="0.000000" m_d="1.000000" m_tx="-352.517975" m_ty="82.733810"/>
   <element name="plug_tail" layername="plug_tail" frame="0" z_index="13" m_a="-0.415918" m_b="-0.031710" m_c="0.029822" m_d="-0.391166" m_tx="81.060448" m_ty="11.673103"/>
  </frame>
  <frame idx="50" w="952" h="713" x="-599.989197" y="-479.989197">
   <element name="tail" layername="tail" frame="0" z_index="12" m_a="0.998774" m_b="-0.049506" m_c="0.049506" m_d="0.998774" m_tx="49.766838" m_ty="-14.502591"/>
   <element name="tail" layername="tail" frame="1" z_index="11" m_a="0.852296" m_b="0.523060" m_c="-0.523060" m_d="0.852296" m_tx="-15.316062" m_ty="1.569948"/>
   <element name="tail" layername="tail-2" frame="2" z_index="10" m_a="-0.992476" m_b="-0.122441" m_c="0.122441" m_d="-0.992476" m_tx="-33.549225" m_ty="-32.243523"/>
   <element name="tail" layername="tail-3" frame="3" z_index="9" m_a="1.000000" m_b="0.000000" m_c="0.000000" m_d="1.000000" m_tx="-400.000000" m_ty="-136.690643"/>
   <element name="tail" layername="tail-4" frame="4" z_index="8" m_a="1.000000" m_b="0.000000" m_c="0.000000" m_d="1.000000" m_tx="-488.489197" m_ty="-15.107914"/>
   <element name="tail" layername="tail-5" frame="5" z_index="7" m_a="1.000000" m_b="0.000000" m_c="0.000000" m_d="1.000000" m_tx="-352.517975" m_ty="82.733810"/>
   <element name="plug_tail" layername="plug_tail" frame="0" z_index="13" m_a="-0.415918" m_b="-0.031710" m_c="0.029822" m_d="-0.391166" m_tx="81.060448" m_ty="11.673103"/>
  </frame>
  <frame idx="75" w="952" h="713" x="-599.989197" y="-479.989197">
   <element name="tail" layername="tail" frame="0" z_index="12" m_a="0.998774" m_b="-0.049506" m_c="0.049506" m_d="0.998774" m_tx="49.766838" m_ty="-14.502591"/>
   <element name="tail" layername="tail" frame="1" z_index="11" m_a="0.852296" m_b="0.523060" m_c="-0.523060" m_d="0.852296" m_tx="-15.316062" m_ty="1.569948"/>
   <element name="tail" layername="tail-2" frame="2" z_index="10" m_a="-0.992476" m_b="-0.122441" m_c="0.122441" m_d="-0.992476" m_tx="-33.549225" m_ty="-32.243523"/>
   <element name="tail" layername="tail-3" frame="3" z_index="9" m_a="1.000000" m_b="0.000000" m_c="0.000000" m_d="1.000000" m_tx="-400.000000" m_ty="-136.690643"/>
   <element name="tail" layername="tail-4" frame="4" z_index="8" m_a="1.000000" m_b="0.000000" m_c="0.000000" m_d="1.000000" m_tx="-488.489197" m_ty="-15.107914"/>
   <element name="tail" layername="tail-5" frame="5" z_index="7" m_a="1.000000" m_b="0.000000" m_c="0.000000" m_d="1.000000" m_tx="-352.517975" m_ty="82.733810"/>
   <element name="plug_tail" layername="plug_tail" frame="0" z_index="13" m_a="-0.415918" m_b="-0.031710" m_c="0.029822" m_d="-0.391166" m_tx="81.060448" m_ty="11.673103"/>
  </frame>
  <frame idx="100" w="952" h="713" x="-599.989197" y="-479.989197">
   <element name="tail" layername="tail" frame="0" z_index="12" m_a="0.998774" m_b="-0.049506" m_c="0.049506" m_d="0.998774" m_tx="49.766838" m_ty="-14.502591"/>
   <element name="tail" layername="tail" frame="1" z_index="11" m_a="0.852296" m_b="0.523060" m_c="-0.523060" m_d="0.852296" m_tx="-15.316062" m_ty="1.569948"/>
   <element name="tail" layername="tail-2" frame="2" z_index="10" m_a="-0.992476" m_b="-0.122441" m_c="0.122441" m_d="-0.992476" m_tx="-33.549225" m_ty="-32.243523"/>
   <element name="tail" layername="tail-3" frame="3" z_index="9" m_a="1.000000" m_b="0.000000" m_c="0.000000" m_d="1.000000" m_tx="-400.000000" m_ty="-136.690643"/>
   <element name="tail" layername="tail-4" frame="4" z_index="8" m_a="1.000000" m_b="0.000000" m_c="0.000000" m_d="1.000000" m_tx="-488.489197" m_ty="-15.107914"/>
   <element name="tail" layername="tail-5" frame="5" z_index="7" m_a="1.000000" m_b="0.000000" m_c="0.000000" m_d="1.000000" m_tx="-352.517975" m_ty="82.733810"/>
   <element name="plug_tail" layername="plug_tail" frame="0" z_index="13" m_a="-0.415918" m_b="-0.031710" m_c="0.029822" m_d="-0.391166" m_tx="81.060448" m_ty="11.673103"/>
  </frame>
  <frame idx="125" w="952" h="713" x="-599.989197" y="-479.989197">
   <element name="tail" layername="tail" frame="0" z_index="12" m_a="0.998774" m_b="-0.049506" m_c="0.049506" m_d="0.998774" m_tx="49.766838" m_ty="-14.502591"/>
   <element name="tail" layername="tail" frame="1" z_index="11" m_a="0.852296" m_b="0.523060" m_c="-0.523060" m_d="0.852296" m_tx="-15.316062" m_ty="1.569948"/>
   <element name="tail" layername="tail-2" frame="2" z_index="10" m_a="-0.992476" m_b="-0.122441" m_c="0.122441" m_d="-0.992476" m_tx="-33.549225" m_ty="-32.243523"/>
   <element name="tail" layername="tail-3" frame="3" z_index="9" m_a="1.000000" m_b="0.000000" m_c="0.000000" m_d="1.000000" m_tx="-400.000000" m_ty="-136.690643"/>
   <element name="tail" layername="tail-4" frame="4" z_index="8" m_a="1.000000" m_b="0.000000" m_c="0.000000" m_d="1.000000" m_tx="-488.489197" m_ty="-15.107914"/>
   <element name="tail" layername="tail-5" frame="5" z_index="7" m_a="1.000000" m_b="0.000000" m_c="0.000000" m_d="1.000000" m_tx="-352.517975" m_ty="82.733810"/>
   <element name="plug_tail" layername="plug_tail" frame="0" z_index="13" m_a="-0.415918" m_b="-0.031710" m_c="0.029822" m_d="-0.391166" m_tx="81.060448" m_ty="11.673103"/>
  </frame>
  <frame idx="150" w="952" h="713" x="-599.989197" y="-479.989197">
   <element name="tail" layername="tail" frame="0" z_index="12" m_a="0.998774" m_b="-0.049506" m_c="0.049506" m_d="0.998774" m_tx="49.766838" m_ty="-14.502591"/>
   <element name="tail" layername="tail" frame="1" z_index="11" m_a="0.852296" m_b="0.523060" m_c="-0.523060" m_d="0.852296" m_tx="-15.316062" m_ty="1.569948"/>
   <element name="tail" layername="tail-2" frame="2" z_index="10" m_a="-0.992476" m_b="-0.122441" m_c="0.122441" m_d="-0.992476" m_tx="-33.549225" m_ty="-32.243523"/>
   <element name="tail" layername="tail-3" frame="3" z_index="9" m_a="1.000000" m_b="0.000000" m_c="0.000000" m_d="1.000000" m_tx="-400.000000" m_ty="-136.690643"/>
   <element name="tail" layername="tail-4" frame="4" z_index="8" m_a="1.000000" m_b="0.000000" m_c="0.000000" m_d="1.000000" m_tx="-488.489197" m_ty="-15.107914"/>
   <element name="tail" layername="tail-5" frame="5" z_index="7" m_a="1.000000" m_b="0.000000" m_c="0.000000" m_d="1.000000" m_tx="-352.517975" m_ty="82.733810"/>
   <element name="plug_tail" layername="plug_tail" frame="0" z_index="13" m_a="-0.415918" m_b="-0.031710" m_c="0.029822" m_d="-0.391166" m_tx="81.060448" m_ty="11.673103"/>
  </frame>
  <frame idx="175" w="952" h="713" x="-599.989197" y="-479.989197">
   <element name="tail" layername="tail" frame="0" z_index="12" m_a="0.998774" m_b="-0.049506" m_c="0.049506" m_d="0.998774" m_tx="49.766838" m_ty="-14.502591"/>
   <element name="tail" layername="tail" frame="1" z_index="11" m_a="0.852296" m_b="0.523060" m_c="-0.523060" m_d="0.852296" m_tx="-15.316062" m_ty="1.569948"/>
   <element name="tail" layername="tail-2" frame="2" z_index="10" m_a="-0.992476" m_b="-0.122441" m_c="0.122441" m_d="-0.992476" m_tx="-33.549225" m_ty="-32.243523"/>
   <element name="tail" layername="tail-3" frame="3" z_index="9" m_a="1.000000" m_b="0.000000" m_c="0.000000" m_d="1.000000" m_tx="-400.000000" m_ty="-136.690643"/>
   <element name="tail" layername="tail-4" frame="4" z_index="8" m_a="1.000000" m_b="0.000000" m_c="0.000000" m_d="1.000000" m_tx="-488.489197" m_ty="-15.107914"/>
   <element name="tail" layername="tail-5" frame="5" z_index="7" m_a="1.000000" m_b="0.000000" m_c="0.000000" m_d="1.000000" m_tx="-352.517975" m_ty="82.733810"/>
   <element name="plug_tail" layername="plug_tail" frame="0" z_index="13" m_a="-0.415918" m_b="-0.031710" m_c="0.029822" m_d="-0.391166" m_tx="81.060448" m_ty="11.673103"/>
  </frame>
  <frame idx="200" w="952" h="713" x="-599.989197" y="-479.989197">
   <element name="tail" layername="tail" frame="0" z_index="12" m_a="0.998774" m_b="-0.049506" m_c="0.049506" m_d="0.998774" m_tx="49.766838" m_ty="-14.502591"/>
   <element name="tail" layername="tail" frame="1" z_index="11" m_a="0.852296" m_b="0.523060" m_c="-0.523060" m_d="0.852296" m_tx="-15.316062" m_ty="1.569948"/>
   <element name="tail" layername="tail-2" frame="2" z_index="10" m_a="-0.992476" m_b="-0.122441" m_c="0.122441" m_d="-0.992476" m_tx="-33.549225" m_ty="-32.243523"/>
   <element name="tail" layername="tail-3" frame="3" z_index="9" m_a="1.000000" m_b="0.000000" m_c="0.000000" m_d="1.000000" m_tx="-400.000000" m_ty="-136.690643"/>
   <element name="tail" layername="tail-4" frame="4" z_index="8" m_a="1.000000" m_b="0.000000" m_c="0.000000" m_d="1.000000" m_tx="-488.489197" m_ty="-15.107914"/>
   <element name="tail" layername="tail-5" frame="5" z_index="7" m_a="1.000000" m_b="0.000000" m_c="0.000000" m_d="1.000000" m_tx="-352.517975" m_ty="82.733810"/>
   <element name="plug_tail" layername="plug_tail" frame="0" z_index="13" m_a="-0.415918" m_b="-0.031710" m_c="0.029822" m_d="-0.391166" m_tx="81.060448" m_ty="11.673103"/>
  </frame>
  <frame idx="225" w="952" h="713" x="-599.989197" y="-479.989197">
   <element name="tail" layername="tail" frame="0" z_index="12" m_a="0.998774" m_b="-0.049506" m_c="0.049506" m_d="0.998774" m_tx="49.766838" m_ty="-14.502591"/>
   <element name="tail" layername="tail" frame="1" z_index="11" m_a="0.852296" m_b="0.523060" m_c="-0.523060" m_d="0.852296" m_tx="-15.316062" m_ty="1.569948"/>
   <element name="tail" layername="tail-2" frame="2" z_index="10" m_a="-0.992476" m_b="-0.122441" m_c="0.122441" m_d="-0.992476" m_tx="-33.549225" m_ty="-32.243523"/>
   <element name="tail" layername="tail-3" frame="3" z_index="9" m_a="1.000000" m_b="0.000000" m_c="0.000000" m_d="1.000000" m_tx="-400.000000" m_ty="-136.690643"/>
   <element name="tail" layername="tail-4" frame="4" z_index="8" m_a="1.000000" m_b="0.000000" m_c="0.000000" m_d="1.000000" m_tx="-488.489197" m_ty="-15.107914"/>
   <element name="tail" layername="tail-5" frame="5" z_index="7" m_a="1.000000" m_b="0.000000" m_c="0.000000" m_d="1.000000" m_tx="-352.517975" m_ty="82.733810"/>
   <element name="plug_tail" layername="plug_tail" frame="0" z_index="13" m_a="-0.415918" m_b="-0.031710" m_c="0.029822" m_d="-0.391166" m_tx="81.060448" m_ty="11.673103"/>
  </frame>
  <frame idx="250" w="952" h="713" x="-599.989197" y="-479.989197">
   <element name="tail" layername="tail" frame="0" z_index="12" m_a="0.998774" m_b="-0.049506" m_c="0.049506" m_d="0.998774" m_tx="49.766838" m_ty="-14.502591"/>
   <element name="tail" layername="tail" frame="1" z_index="11" m_a="0.852296" m_b="0.523060" m_c="-0.523060" m_d="0.852296" m_tx="-15.316062" m_ty="1.569948"/>
   <element name="tail" layername="tail-2" frame="2" z_index="10" m_a="-0.992476" m_b="-0.122441" m_c="0.122441" m_d="-0.992476" m_tx="-33.549225" m_ty="-32.243523"/>
   <element name="tail" layername="tail-3" frame="3" z_index="9" m_a="1.000000" m_b="0.000000" m_c="0.000000" m_d="1.000000" m_tx="-400.000000" m_ty="-136.690643"/>
   <element name="tail" layername="tail-4" frame="4" z_index="8" m_a="1.000000" m_b="0.000000" m_c="0.000000" m_d="1.000000" m_tx="-488.489197" m_ty="-15.107914"/>
   <element name="tail" layername="tail-5" frame="5" z_index="7" m_a="1.000000" m_b="0.000000" m_c="0.000000" m_d="1.000000" m_tx="-352.517975" m_ty="82.733810"/>
   <element name="plug_tail" layername="plug_tail" frame="0" z_index="13" m_a="-0.415918" m_b="-0.031710" m_c="0.029822" m_d="-0.391166" m_tx="81.060448" m_ty="11.673103"/>
  </frame>
  <frame idx="275" w="952" h="713" x="-599.989197" y="-479.989197">
   <element name="tail" layername="tail" frame="0" z_index="12" m_a="0.998774" m_b="-0.049506" m_c="0.049506" m_d="0.998774" m_tx="49.766838" m_ty="-14.502591"/>
   <element name="tail" layername="tail" frame="1" z_index="11" m_a="0.852296" m_b="0.523060" m_c="-0.523060" m_d="0.852296" m_tx="-15.316062" m_ty="1.569948"/>
   <element name="tail" layername="tail-2" frame="2" z_index="10" m_a="-0.992476" m_b="-0.122441" m_c="0.122441" m_d="-0.992476" m_tx="-33.549225" m_ty="-32.243523"/>
   <element name="tail" layername="tail-3" frame="3" z_index="9" m_a="1.000000" m_b="0.000000" m_c="0.000000" m_d="1.000000" m_tx="-400.000000" m_ty="-136.690643"/>
   <element name="tail" layername="tail-4" frame="4" z_index="8" m_a="1.000000" m_b="0.000000" m_c="0.000000" m_d="1.000000" m_tx="-488.489197" m_ty="-15.107914"/>
   <element name="tail" layername="tail-5" frame="5" z_index="7" m_a="1.000000" m_b="0.000000" m_c="0.000000" m_d="1.000000" m_tx="-352.517975" m_ty="82.733810"/>
   <element name="plug_tail" layername="plug_tail" frame="0" z_index="13" m_a="-0.415918" m_b="-0.031710" m_c="0.029822" m_d="-0.391166" m_tx="81.060448" m_ty="11.673103"/>
  </frame>
  <frame idx="300" w="952" h="713" x="-599.989197" y="-479.989197">
   <element name="tail" layername="tail" frame="0" z_index="12" m_a="0.998774" m_b="-0.049506" m_c="0.049506" m_d="0.998774" m_tx="49.766838" m_ty="-14.502591"/>
   <element name="tail" layername="tail" frame="1" z_index="11" m_a="0.852296" m_b="0.523060" m_c="-0.523060" m_d="0.852296" m_tx="-15.316062" m_ty="1.569948"/>
   <element name="tail" layername="tail-2" frame="2" z_index="10" m_a="-0.992476" m_b="-0.122441" m_c="0.122441" m_d="-0.992476" m_tx="-33.549225" m_ty="-32.243523"/>
   <element name="tail" layername="tail-3" frame="3" z_index="9" m_a="1.000000" m_b="0.000000" m_c="0.000000" m_d="1.000000" m_tx="-400.000000" m_ty="-136.690643"/>
   <element name="tail" layername="tail-4" frame="4" z_index="8" m_a="1.000000" m_b="0.000000" m_c="0.000000" m_d="1.000000" m_tx="-488.489197" m_ty="-15.107914"/>
   <element name="tail" layername="tail-5" frame="5" z_index="7" m_a="1.000000" m_b="0.000000" m_c="0.000000" m_d="1.000000" m_tx="-352.517975" m_ty="82.733810"/>
   <element name="plug_tail" layername="plug_tail" frame="0" z_index="13" m_a="-0.415918" m_b="-0.031710" m_c="0.029822" m_d="-0.391166" m_tx="81.060448" m_ty="11.673103"/>
  </frame>
  <frame idx="325" w="952" h="713" x="-599.989197" y="-479.989197">
   <element name="tail" layername="tail" frame="0" z_index="12" m_a="0.998774" m_b="-0.049506" m_c="0.049506" m_d="0.998774" m_tx="49.766838" m_ty="-14.502591"/>
   <element name="tail" layername="tail" frame="1" z_index="11" m_a="0.852296" m_b="0.523060" m_c="-0.523060" m_d="0.852296" m_tx="-15.316062" m_ty="1.569948"/>
   <element name="tail" layername="tail-2" frame="2" z_index="10" m_a="-0.992476" m_b="-0.122441" m_c="0.122441" m_d="-0.992476" m_tx="-33.549225" m_ty="-32.243523"/>
   <element name="tail" layername="tail-3" frame="3" z_index="9" m_a="1.000000" m_b="0.000000" m_c="0.000000" m_d="1.000000" m_tx="-400.000000" m_ty="-136.690643"/>
   <element name="tail" layername="tail-4" frame="4" z_index="8" m_a="1.000000" m_b="0.000000" m_c="0.000000" m_d="1.000000" m_tx="-488.489197" m_ty="-15.107914"/>
   <element name="tail" layername="tail-5" frame="5" z_index="7" m_a="1.000000" m_b="0.000000" m_c="0.000000" m_d="1.000000" m_tx="-352.517975" m_ty="82.733810"/>
   <element name="plug_tail" layername="plug_tail" frame="0" z_index="13" m_a="-0.415918" m_b="-0.031710" m_c="0.029822" m_d="-0.391166" m_tx="81.060448" m_ty="11.673103"/>
  </frame>
  <frame idx="350" w="952" h="713" x="-599.989197" y="-479.989197">
   <element name="tail" layername="tail" frame="0" z_index="12" m_a="0.998774" m_b="-0.049506" m_c="0.049506" m_d="0.998774" m_tx="49.766838" m_ty="-14.502591"/>
   <element name="tail" layername="tail" frame="1" z_index="11" m_a="0.852296" m_b="0.523060" m_c="-0.523060" m_d="0.852296" m_tx="-15.316062" m_ty="1.569948"/>
   <element name="tail" layername="tail-2" frame="2" z_index="10" m_a="-0.992476" m_b="-0.122441" m_c="0.122441" m_d="-0.992476" m_tx="-33.549225" m_ty="-32.243523"/>
   <element name="tail" layername="tail-3" frame="3" z_index="9" m_a="1.000000" m_b="0.000000" m_c="0.000000" m_d="1.000000" m_tx="-400.000000" m_ty="-136.690643"/>
   <element name="tail" layername="tail-4" frame="4" z_index="8" m_a="1.000000" m_b="0.000000" m_c="0.000000" m_d="1.000000" m_tx="-488.489197" m_ty="-15.107914"/>
   <element name="tail" layername="tail-5" frame="5" z_index="7" m_a="1.000000" m_b="0.000000" m_c="0.000000" m_d="1.000000" m_tx="-352.517975" m_ty="82.733810"/>
   <element name="plug_tail" layername="plug_tail" frame="0" z_index="13" m_a="-0.415918" m_b="-0.031710" m_c="0.029822" m_d="-0.391166" m_tx="81.060448" m_ty="11.673103"/>
  </frame>
  <frame idx="375" w="952" h="713" x="-599.989197" y="-479.989197">
   <element name="tail" layername="tail" frame="0" z_index="12" m_a="0.998774" m_b="-0.049506" m_c="0.049506" m_d="0.998774" m_tx="49.766838" m_ty="-14.502591"/>
   <element name="tail" layername="tail" frame="1" z_index="11" m_a="0.852296" m_b="0.523060" m_c="-0.523060" m_d="0.852296" m_tx="-15.316062" m_ty="1.569948"/>
   <element name="tail" layername="tail-2" frame="2" z_index="10" m_a="-0.992476" m_b="-0.122441" m_c="0.122441" m_d="-0.992476" m_tx="-33.549225" m_ty="-32.243523"/>
   <element name="tail" layername="tail-3" frame="3" z_index="9" m_a="1.000000" m_b="0.000000" m_c="0.000000" m_d="1.000000" m_tx="-400.000000" m_ty="-136.690643"/>
   <element name="tail" layername="tail-4" frame="4" z_index="8" m_a="1.000000" m_b="0.000000" m_c="0.000000" m_d="1.000000" m_tx="-488.489197" m_ty="-15.107914"/>
   <element name="tail" layername="tail-5" frame="5" z_index="7" m_a="1.000000" m_b="0.000000" m_c="0.000000" m_d="1.000000" m_tx="-352.517975" m_ty="82.733810"/>
   <element name="plug_tail" layername="plug_tail" frame="0" z_index="13" m_a="-0.415918" m_b="-0.031710" m_c="0.029822" m_d="-0.391166" m_tx="81.060448" m_ty="11.673103"/>
  </frame>
  <frame idx="400" w="952" h="713" x="-599.989197" y="-479.989197">
   <element name="tail" layername="tail" frame="0" z_index="12" m_a="0.998774" m_b="-0.049506" m_c="0.049506" m_d="0.998774" m_tx="49.766838" m_ty="-14.502591"/>
   <element name="tail" layername="tail" frame="1" z_index="11" m_a="0.852296" m_b="0.523060" m_c="-0.523060" m_d="0.852296" m_tx="-15.316062" m_ty="1.569948"/>
   <element name="tail" layername="tail-2" frame="2" z_index="10" m_a="-0.992476" m_b="-0.122441" m_c="0.122441" m_d="-0.992476" m_tx="-33.549225" m_ty="-32.243523"/>
   <element name="tail" layername="tail-3" frame="3" z_index="9" m_a="1.000000" m_b="0.000000" m_c="0.000000" m_d="1.000000" m_tx="-400.000000" m_ty="-136.690643"/>
   <element name="tail" layername="tail-4" frame="4" z_index="8" m_a="1.000000" m_b="0.000000" m_c="0.000000" m_d="1.000000" m_tx="-488.489197" m_ty="-15.107914"/>
   <element name="tail" layername="tail-5" frame="5" z_index="7" m_a="1.000000" m_b="0.000000" m_c="0.000000" m_d="1.000000" m_tx="-352.517975" m_ty="82.733810"/>
   <element name="plug_tail" layername="plug_tail" frame="0" z_index="13" m_a="-0.415918" m_b="-0.031710" m_c="0.029822" m_d="-0.391166" m_tx="81.060448" m_ty="11.673103"/>
  </frame>
  <frame idx="425" w="952" h="713" x="-599.989197" y="-479.989197">
   <element name="tail" layername="tail" frame="0" z_index="12" m_a="0.998774" m_b="-0.049506" m_c="0.049506" m_d="0.998774" m_tx="49.766838" m_ty="-14.502591"/>
   <element name="tail" layername="tail" frame="1" z_index="11" m_a="0.852296" m_b="0.523060" m_c="-0.523060" m_d="0.852296" m_tx="-15.316062" m_ty="1.569948"/>
   <element name="tail" layername="tail-2" frame="2" z_index="10" m_a="-0.992476" m_b="-0.122441" m_c="0.122441" m_d="-0.992476" m_tx="-33.549225" m_ty="-32.243523"/>
   <element name="tail" layername="tail-3" frame="3" z_index="9" m_a="1.000000" m_b="0.000000" m_c="0.000000" m_d="1.000000" m_tx="-400.000000" m_ty="-136.690643"/>
   <element name="tail" layername="tail-4" frame="4" z_index="8" m_a="1.000000" m_b="0.000000" m_c="0.000000" m_d="1.000000" m_tx="-488.489197" m_ty="-15.107914"/>
   <element name="tail" layername="tail-5" frame="5" z_index="7" m_a="1.000000" m_b="0.000000" m_c="0.000000" m_d="1.000000" m_tx="-352.517975" m_ty="82.733810"/>
   <element name="plug_tail" layername="plug_tail" frame="0" z_index="13" m_a="-0.415918" m_b="-0.031710" m_c="0.029822" m_d="-0.391166" m_tx="81.060448" m_ty="11.673103"/>
  </frame>
  <frame idx="450" w="952" h="713" x="-599.989197" y="-479.989197">
   <element name="tail" layername="tail" frame="0" z_index="12" m_a="0.998774" m_b="-0.049506" m_c="0.049506" m_d="0.998774" m_tx="49.766838" m_ty="-14.502591"/>
   <element name="tail" layername="tail" frame="1" z_index="11" m_a="0.852296" m_b="0.523060" m_c="-0.523060" m_d="0.852296" m_tx="-15.316062" m_ty="1.569948"/>
   <element name="tail" layername="tail-2" frame="2" z_index="10" m_a="-0.992476" m_b="-0.122441" m_c="0.122441" m_d="-0.992476" m_tx="-33.549225" m_ty="-32.243523"/>
   <element name="tail" layername="tail-3" frame="3" z_index="9" m_a="1.000000" m_b="0.000000" m_c="0.000000" m_d="1.000000" m_tx="-400.000000" m_ty="-136.690643"/>
   <element name="tail" layername="tail-4" frame="4" z_index="8" m_a="1.000000" m_b="0.000000" m_c="0.000000" m_d="1.000000" m_tx="-488.489197" m_ty="-15.107914"/>
   <element name="tail" layername="tail-5" frame="5" z_index="7" m_a="1.000000" m_b="0.000000" m_c="0.000000" m_d="1.000000" m_tx="-352.517975" m_ty="82.733810"/>
   <element name="plug_tail" layername="plug_tail" frame="0" z_index="13" m_a="-0.415918" m_b="-0.031710" m_c="0.029822" m_d="-0.391166" m_tx="81.060448" m_ty="11.673103"/>
  </frame>
  <frame idx="475" w="952" h="713" x="-599.989197" y="-479.989197">
   <element name="tail" layername="tail" frame="0" z_index="12" m_a="0.998774" m_b="-0.049506" m_c="0.049506" m_d="0.998774" m_tx="49.766838" m_ty="-14.502591"/>
   <element name="tail" layername="tail" frame="1" z_index="11" m_a="0.852296" m_b="0.523060" m_c="-0.523060" m_d="0.852296" m_tx="-15.316062" m_ty="1.569948"/>
   <element name="tail" layername="tail-2" frame="2" z_index="10" m_a="-0.992476" m_b="-0.122441" m_c="0.122441" m_d="-0.992476" m_tx="-33.549225" m_ty="-32.243523"/>
   <element name="tail" layername="tail-3" frame="3" z_index="9" m_a="1.000000" m_b="0.000000" m_c="0.000000" m_d="1.000000" m_tx="-400.000000" m_ty="-136.690643"/>
   <element name="tail" layername="tail-4" frame="4" z_index="8" m_a="1.000000" m_b="0.000000" m_c="0.000000" m_d="1.000000" m_tx="-488.489197" m_ty="-15.107914"/>
   <element name="tail" layername="tail-5" frame="5" z_index="7" m_a="1.000000" m_b="0.000000" m_c="0.000000" m_d="1.000000" m_tx="-352.517975" m_ty="82.733810"/>
   <element name="plug_tail" layername="plug_tail" frame="0" z_index="13" m_a="-0.415918" m_b="-0.031710" m_c="0.029822" m_d="-0.391166" m_tx="81.060448" m_ty="11.673103"/>
  </frame>
  <frame idx="500" w="952" h="713" x="-599.989197" y="-479.989197">
   <element name="tail" layername="tail" frame="0" z_index="12" m_a="0.998774" m_b="-0.049506" m_c="0.049506" m_d="0.998774" m_tx="49.766838" m_ty="-14.502591"/>
   <element name="tail" layername="tail" frame="1" z_index="11" m_a="0.852296" m_b="0.523060" m_c="-0.523060" m_d="0.852296" m_tx="-15.316062" m_ty="1.569948"/>
   <element name="tail" layername="tail-2" frame="2" z_index="10" m_a="-0.992476" m_b="-0.122441" m_c="0.122441" m_d="-0.992476" m_tx="-33.549225" m_ty="-32.243523"/>
   <element name="tail" layername="tail-3" frame="3" z_index="9" m_a="1.000000" m_b="0.000000" m_c="0.000000" m_d="1.000000" m_tx="-400.000000" m_ty="-136.690643"/>
   <element name="tail" layername="tail-4" frame="4" z_index="8" m_a="1.000000" m_b="0.000000" m_c="0.000000" m_d="1.000000" m_tx="-488.489197" m_ty="-15.107914"/>
   <element name="tail" layername="tail-5" frame="5" z_index="7" m_a="1.000000" m_b="0.000000" m_c="0.000000" m_d="1.000000" m_tx="-352.517975" m_ty="82.733810"/>
   <element name="plug_tail" layername="plug_tail" frame="0" z_index="13" m_a="-0.415918" m_b="-0.031710" m_c="0.029822" m_d="-0.391166" m_tx="81.060448" m_ty="11.673103"/>
  </frame>
  <frame idx="525" w="952" h="713" x="-599.989197" y="-479.989197">
   <element name="tail" layername="tail" frame="0" z_index="12" m_a="0.998774" m_b="-0.049506" m_c="0.049506" m_d="0.998774" m_tx="49.766838" m_ty="-14.502591"/>
   <element name="tail" layername="tail" frame="1" z_index="11" m_a="0.852296" m_b="0.523060" m_c="-0.523060" m_d="0.852296" m_tx="-15.316062" m_ty="1.569948"/>
   <element name="tail" layername="tail-2" frame="2" z_index="10" m_a="-0.992476" m_b="-0.122441" m_c="0.122441" m_d="-0.992476" m_tx="-33.549225" m_ty="-32.243523"/>
   <element name="tail" layername="tail-3" frame="3" z_index="9" m_a="1.000000" m_b="0.000000" m_c="0.000000" m_d="1.000000" m_tx="-400.000000" m_ty="-136.690643"/>
   <element name="tail" layername="tail-4" frame="4" z_index="8" m_a="1.000000" m_b="0.000000" m_c="0.000000" m_d="1.000000" m_tx="-488.489197" m_ty="-15.107914"/>
   <element name="tail" layername="tail-5" frame="5" z_index="7" m_a="1.000000" m_b="0.000000" m_c="0.000000" m_d="1.000000" m_tx="-352.517975" m_ty="82.733810"/>
   <element name="plug_tail" layername="plug_tail" frame="0" z_index="13" m_a="-0.415918" m_b="-0.031710" m_c="0.029822" m_d="-0.391166" m_tx="81.060448" m_ty="11.673103"/>
  </frame>
  <frame idx="550" w="952" h="713" x="-599.989197" y="-479.989197">
   <element name="tail" layername="tail" frame="0" z_index="12" m_a="0.998774" m_b="-0.049506" m_c="0.049506" m_d="0.998774" m_tx="49.766838" m_ty="-14.502591"/>
   <element name="tail" layername="tail" frame="1" z_index="11" m_a="0.852296" m_b="0.523060" m_c="-0.523060" m_d="0.852296" m_tx="-15.316062" m_ty="1.569948"/>
   <element name="tail" layername="tail-2" frame="2" z_index="10" m_a="-0.992476" m_b="-0.122441" m_c="0.122441" m_d="-0.992476" m_tx="-33.549225" m_ty="-32.243523"/>
   <element name="tail" layername="tail-3" frame="3" z_index="9" m_a="1.000000" m_b="0.000000" m_c="0.000000" m_d="1.000000" m_tx="-400.000000" m_ty="-136.690643"/>
   <element name="tail" layername="tail-4" frame="4" z_index="8" m_a="1.000000" m_b="0.000000" m_c="0.000000" m_d="1.000000" m_tx="-488.489197" m_ty="-15.107914"/>
   <element name="tail" layername="tail-5" frame="5" z_index="7" m_a="1.000000" m_b="0.000000" m_c="0.000000" m_d="1.000000" m_tx="-352.517975" m_ty="82.733810"/>
   <element name="plug_tail" layername="plug_tail" frame="0" z_index="13" m_a="-0.415918" m_b="-0.031710" m_c="0.029822" m_d="-0.391166" m_tx="81.060448" m_ty="11.673103"/>
  </frame>
  <frame idx="575" w="952" h="713" x="-599.989197" y="-479.989197">
   <element name="tail" layername="tail" frame="0" z_index="12" m_a="0.998774" m_b="-0.049506" m_c="0.049506" m_d="0.998774" m_tx="49.766838" m_ty="-14.502591"/>
   <element name="tail" layername="tail" frame="1" z_index="11" m_a="0.852296" m_b="0.523060" m_c="-0.523060" m_d="0.852296" m_tx="-15.316062" m_ty="1.569948"/>
   <element name="tail" layername="tail-2" frame="2" z_index="10" m_a="-0.992476" m_b="-0.122441" m_c="0.122441" m_d="-0.992476" m_tx="-33.549225" m_ty="-32.243523"/>
   <element name="tail" layername="tail-3" frame="3" z_index="9" m_a="1.000000" m_b="0.000000" m_c="0.000000" m_d="1.000000" m_tx="-400.000000" m_ty="-136.690643"/>
   <element name="tail" layername="tail-4" frame="4" z_index="8" m_a="1.000000" m_b="0.000000" m_c="0.000000" m_d="1.000000" m_tx="-488.489197" m_ty="-15.107914"/>
   <element name="tail" layername="tail-5" frame="5" z_index="7" m_a="1.000000" m_b="0.000000" m_c="0.000000" m_d="1.000000" m_tx="-352.517975" m_ty="82.733810"/>
   <element name="plug_tail" layername="plug_tail" frame="0" z_index="13" m_a="-0.415918" m_b="-0.031710" m_c="0.029822" m_d="-0.391166" m_tx="81.060448" m_ty="11.673103"/>
  </frame>
  <frame idx="600" w="952" h="713" x="-599.989197" y="-479.989197">
   <element name="tail" layername="tail" frame="0" z_index="12" m_a="0.998774" m_b="-0.049506" m_c="0.049506" m_d="0.998774" m_tx="49.766838" m_ty="-14.502591"/>
   <element name="tail" layername="tail" frame="1" z_index="11" m_a="0.852296" m_b="0.523060" m_c="-0.523060" m_d="0.852296" m_tx="-15.316062" m_ty="1.569948"/>
   <element name="tail" layername="tail-2" frame="2" z_index="10" m_a="-0.992476" m_b="-0.122441" m_c="0.122441" m_d="-0.992476" m_tx="-33.549225" m_ty="-32.243523"/>
   <element name="tail" layername="tail-3" frame="3" z_index="9" m_a="1.000000" m_b="0.000000" m_c="0.000000" m_d="1.000000" m_tx="-400.000000" m_ty="-136.690643"/>
   <element name="tail" layername="tail-4" frame="4" z_index="8" m_a="1.000000" m_b="0.000000" m_c="0.000000" m_d="1.000000" m_tx="-488.489197" m_ty="-15.107914"/>
   <element name="tail" layername="tail-5" frame="5" z_index="7" m_a="1.000000" m_b="0.000000" m_c="0.000000" m_d="1.000000" m_tx="-352.517975" m_ty="82.733810"/>
   <element name="plug_tail" layername="plug_tail" frame="0" z_index="13" m_a="-0.415918" m_b="-0.031710" m_c="0.029822" m_d="-0.391166" m_tx="81.060448" m_ty="11.673103"/>
  </frame>
  <frame idx="625" w="952" h="713" x="-599.989197" y="-479.989197">
   <element name="tail" layername="tail" frame="0" z_index="12" m_a="0.998774" m_b="-0.049506" m_c="0.049506" m_d="0.998774" m_tx="49.766838" m_ty="-14.502591"/>
   <element name="tail" layername="tail" frame="1" z_index="11" m_a="0.852296" m_b="0.523060" m_c="-0.523060" m_d="0.852296" m_tx="-15.316062" m_ty="1.569948"/>
   <element name="tail" layername="tail-2" frame="2" z_index="10" m_a="-0.992476" m_b="-0.122441" m_c="0.122441" m_d="-0.992476" m_tx="-33.549225" m_ty="-32.243523"/>
   <element name="tail" layername="tail-3" frame="3" z_index="9" m_a="1.000000" m_b="0.000000" m_c="0.000000" m_d="1.000000" m_tx="-400.000000" m_ty="-136.690643"/>
   <element name="tail" layername="tail-4" frame="4" z_index="8" m_a="1.000000" m_b="0.000000" m_c="0.000000" m_d="1.000000" m_tx="-488.489197" m_ty="-15.107914"/>
   <element name="tail" layername="tail-5" frame="5" z_index="7" m_a="1.000000" m_b="0.000000" m_c="0.000000" m_d="1.000000" m_tx="-352.517975" m_ty="82.733810"/>
   <element name="plug_tail" layername="plug_tail" frame="0" z_index="13" m_a="-0.415918" m_b="-0.031710" m_c="0.029822" m_d="-0.391166" m_tx="81.060448" m_ty="11.673103"/>
  </frame>
  <frame idx="650" w="952" h="713" x="-599.989197" y="-479.989197">
   <element name="tail" layername="tail" frame="0" z_index="12" m_a="0.998774" m_b="-0.049506" m_c="0.049506" m_d="0.998774" m_tx="49.766838" m_ty="-14.502591"/>
   <element name="tail" layername="tail" frame="1" z_index="11" m_a="0.852296" m_b="0.523060" m_c="-0.523060" m_d="0.852296" m_tx="-15.316062" m_ty="1.569948"/>
   <element name="tail" layername="tail-2" frame="2" z_index="10" m_a="-0.992476" m_b="-0.122441" m_c="0.122441" m_d="-0.992476" m_tx="-33.549225" m_ty="-32.243523"/>
   <element name="tail" layername="tail-3" frame="3" z_index="9" m_a="1.000000" m_b="0.000000" m_c="0.000000" m_d="1.000000" m_tx="-400.000000" m_ty="-136.690643"/>
   <element name="tail" layername="tail-4" frame="4" z_index="8" m_a="1.000000" m_b="0.000000" m_c="0.000000" m_d="1.000000" m_tx="-488.489197" m_ty="-15.107914"/>
   <element name="tail" layername="tail-5" frame="5" z_index="7" m_a="1.000000" m_b="0.000000" m_c="0.000000" m_d="1.000000" m_tx="-352.517975" m_ty="82.733810"/>
   <element name="plug_tail" layername="plug_tail" frame="0" z_index="13" m_a="-0.415918" m_b="-0.031710" m_c="0.029822" m_d="-0.391166" m_tx="81.060448" m_ty="11.673103"/>
  </frame>
  <frame idx="675" w="952" h="713" x="-599.989197" y="-479.989197">
   <element name="tail" layername="tail" frame="0" z_index="12" m_a="0.998774" m_b="-0.049506" m_c="0.049506" m_d="0.998774" m_tx="49.766838" m_ty="-14.502591"/>
   <element name="tail" layername="tail" frame="1" z_index="11" m_a="0.852296" m_b="0.523060" m_c="-0.523060" m_d="0.852296" m_tx="-15.316062" m_ty="1.569948"/>
   <element name="tail" layername="tail-2" frame="2" z_index="10" m_a="-0.992476" m_b="-0.122441" m_c="0.122441" m_d="-0.992476" m_tx="-33.549225" m_ty="-32.243523"/>
   <element name="tail" layername="tail-3" frame="3" z_index="9" m_a="1.000000" m_b="0.000000" m_c="0.000000" m_d="1.000000" m_tx="-400.000000" m_ty="-136.690643"/>
   <element name="tail" layername="tail-4" frame="4" z_index="8" m_a="1.000000" m_b="0.000000" m_c="0.000000" m_d="1.000000" m_tx="-488.489197" m_ty="-15.107914"/>
   <element name="tail" layername="tail-5" frame="5" z_index="7" m_a="1.000000" m_b="0.000000" m_c="0.000000" m_d="1.000000" m_tx="-352.517975" m_ty="82.733810"/>
   <element name="plug_tail" layername="plug_tail" frame="0" z_index="13" m_a="-0.415918" m_b="-0.031710" m_c="0.029822" m_d="-0.391166" m_tx="81.060448" m_ty="11.673103"/>
  </frame>
  <frame idx="700" w="952" h="713" x="-599.989197" y="-479.989197">
   <element name="tail" layername="tail" frame="0" z_index="12" m_a="0.998774" m_b="-0.049506" m_c="0.049506" m_d="0.998774" m_tx="49.766838" m_ty="-14.502591"/>
   <element name="tail" layername="tail" frame="1" z_index="11" m_a="0.852296" m_b="0.523060" m_c="-0.523060" m_d="0.852296" m_tx="-15.316062" m_ty="1.569948"/>
   <element name="tail" layername="tail-2" frame="2" z_index="10" m_a="-0.992476" m_b="-0.122441" m_c="0.122441" m_d="-0.992476" m_tx="-33.549225" m_ty="-32.243523"/>
   <element name="tail" layername="tail-3" frame="3" z_index="9" m_a="1.000000" m_b="0.000000" m_c="0.000000" m_d="1.000000" m_tx="-400.000000" m_ty="-136.690643"/>
   <element name="tail" layername="tail-4" frame="4" z_index="8" m_a="1.000000" m_b="0.000000" m_c="0.000000" m_d="1.000000" m_tx="-488.489197" m_ty="-15.107914"/>
   <element name="tail" layername="tail-5" frame="5" z_index="7" m_a="1.000000" m_b="0.000000" m_c="0.000000" m_d="1.000000" m_tx="-352.517975" m_ty="82.733810"/>
   <element name="plug_tail" layername="plug_tail" frame="0" z_index="13" m_a="-0.415918" m_b="-0.031710" m_c="0.029822" m_d="-0.391166" m_tx="81.060448" m_ty="11.673103"/>
  </frame>
  <frame idx="725" w="952" h="713" x="-599.989197" y="-479.989197">
   <element name="tail" layername="tail" frame="0" z_index="12" m_a="0.998774" m_b="-0.049506" m_c="0.049506" m_d="0.998774" m_tx="49.766838" m_ty="-14.502591"/>
   <element name="tail" layername="tail" frame="1" z_index="11" m_a="0.852296" m_b="0.523060" m_c="-0.523060" m_d="0.852296" m_tx="-15.316062" m_ty="1.569948"/>
   <element name="tail" layername="tail-2" frame="2" z_index="10" m_a="-0.992476" m_b="-0.122441" m_c="0.122441" m_d="-0.992476" m_tx="-33.549225" m_ty="-32.243523"/>
   <element name="tail" layername="tail-3" frame="3" z_index="9" m_a="1.000000" m_b="0.000000" m_c="0.000000" m_d="1.000000" m_tx="-400.000000" m_ty="-136.690643"/>
   <element name="tail" layername="tail-4" frame="4" z_index="8" m_a="1.000000" m_b="0.000000" m_c="0.000000" m_d="1.000000" m_tx="-488.489197" m_ty="-15.107914"/>
   <element name="tail" layername="tail-5" frame="5" z_index="7" m_a="1.000000" m_b="0.000000" m_c="0.000000" m_d="1.000000" m_tx="-352.517975" m_ty="82.733810"/>
   <element name="plug_tail" layername="plug_tail" frame="0" z_index="13" m_a="-0.415918" m_b="-0.031710" m_c="0.029822" m_d="-0.391166" m_tx="81.060448" m_ty="11.673103"/>
  </frame>
  <frame idx="750" w="952" h="713" x="-599.989197" y="-479.989197">
   <element name="tail" layername="tail" frame="0" z_index="12" m_a="0.998774" m_b="-0.049506" m_c="0.049506" m_d="0.998774" m_tx="49.766838" m_ty="-14.502591"/>
   <element name="tail" layername="tail" frame="1" z_index="11" m_a="0.852296" m_b="0.523060" m_c="-0.523060" m_d="0.852296" m_tx="-15.316062" m_ty="1.569948"/>
   <element name="tail" layername="tail-2" frame="2" z_index="10" m_a="-0.992476" m_b="-0.122441" m_c="0.122441" m_d="-0.992476" m_tx="-33.549225" m_ty="-32.243523"/>
   <element name="tail" layername="tail-3" frame="3" z_index="9" m_a="1.000000" m_b="0.000000" m_c="0.000000" m_d="1.000000" m_tx="-400.000000" m_ty="-136.690643"/>
   <element name="tail" layername="tail-4" frame="4" z_index="8" m_a="1.000000" m_b="0.000000" m_c="0.000000" m_d="1.000000" m_tx="-488.489197" m_ty="-15.107914"/>
   <element name="tail" layername="tail-5" frame="5" z_index="7" m_a="1.000000" m_b="0.000000" m_c="0.000000" m_d="1.000000" m_tx="-352.517975" m_ty="82.733810"/>
   <element name="plug_tail" layername="plug_tail" frame="0" z_index="13" m_a="-0.415918" m_b="-0.031710" m_c="0.029822" m_d="-0.391166" m_tx="81.060448" m_ty="11.673103"/>
  </frame>
  <frame idx="775" w="952" h="713" x="-599.989197" y="-479.989197">
   <element name="tail" layername="tail" frame="0" z_index="12" m_a="0.998774" m_b="-0.049506" m_c="0.049506" m_d="0.998774" m_tx="49.766838" m_ty="-14.502591"/>
   <element name="tail" layername="tail" frame="1" z_index="11" m_a="0.852296" m_b="0.523060" m_c="-0.523060" m_d="0.852296" m_tx="-15.316062" m_ty="1.569948"/>
   <element name="tail" layername="tail-2" frame="2" z_index="10" m_a="-0.992476" m_b="-0.122441" m_c="0.122441" m_d="-0.992476" m_tx="-33.549225" m_ty="-32.243523"/>
   <element name="tail" layername="tail-3" frame="3" z_index="9" m_a="1.000000" m_b="0.000000" m_c="0.000000" m_d="1.000000" m_tx="-400.000000" m_ty="-136.690643"/>
   <element name="tail" layername="tail-4" frame="4" z_index="8" m_a="1.000000" m_b="0.000000" m_c="0.000000" m_d="1.000000" m_tx="-488.489197" m_ty="-15.107914"/>
   <element name="tail" layername="tail-5" frame="5" z_index="7" m_a="1.000000" m_b="0.000000" m_c="0.000000" m_d="1.000000" m_tx="-352.517975" m_ty="82.733810"/>
   <element name="plug_tail" layername="plug_tail" frame="0" z_index="13" m_a="-0.415918" m_b="-0.031710" m_c="0.029822" m_d="-0.391166" m_tx="81.060448" m_ty="11.673103"/>
  </frame>
  <frame idx="800" w="952" h="713" x="-599.989197" y="-479.989197">
   <element name="tail" layername="tail" frame="0" z_index="12" m_a="0.998774" m_b="-0.049506" m_c="0.049506" m_d="0.998774" m_tx="49.766838" m_ty="-14.502591"/>
   <element name="tail" layername="tail" frame="1" z_index="11" m_a="0.852296" m_b="0.523060" m_c="-0.523060" m_d="0.852296" m_tx="-15.316062" m_ty="1.569948"/>
   <element name="tail" layername="tail-2" frame="2" z_index="10" m_a="-0.992476" m_b="-0.122441" m_c="0.122441" m_d="-0.992476" m_tx="-33.549225" m_ty="-32.243523"/>
   <element name="tail" layername="tail-3" frame="3" z_index="9" m_a="1.000000" m_b="0.000000" m_c="0.000000" m_d="1.000000" m_tx="-400.000000" m_ty="-136.690643"/>
   <element name="tail" layername="tail-4" frame="4" z_index="8" m_a="1.000000" m_b="0.000000" m_c="0.000000" m_d="1.000000" m_tx="-488.489197" m_ty="-15.107914"/>
   <element name="tail" layername="tail-5" frame="5" z_index="7" m_a="1.000000" m_b="0.000000" m_c="0.000000" m_d="1.000000" m_tx="-352.517975" m_ty="82.733810"/>
   <element name="plug_tail" layername="plug_tail" frame="0" z_index="13" m_a="-0.415918" m_b="-0.031710" m_c="0.029822" m_d="-0.391166" m_tx="81.060448" m_ty="11.673103"/>
  </frame>
  <frame idx="825" w="952" h="713" x="-599.989197" y="-479.989197">
   <element name="tail" layername="tail" frame="0" z_index="12" m_a="0.998774" m_b="-0.049506" m_c="0.049506" m_d="0.998774" m_tx="49.766838" m_ty="-14.502591"/>
   <element name="tail" layername="tail" frame="1" z_index="11" m_a="0.852296" m_b="0.523060" m_c="-0.523060" m_d="0.852296" m_tx="-15.316062" m_ty="1.569948"/>
   <element name="tail" layername="tail-2" frame="2" z_index="10" m_a="-0.992476" m_b="-0.122441" m_c="0.122441" m_d="-0.992476" m_tx="-33.549225" m_ty="-32.243523"/>
   <element name="tail" layername="tail-3" frame="3" z_index="9" m_a="1.000000" m_b="0.000000" m_c="0.000000" m_d="1.000000" m_tx="-400.000000" m_ty="-136.690643"/>
   <element name="tail" layername="tail-4" frame="4" z_index="8" m_a="1.000000" m_b="0.000000" m_c="0.000000" m_d="1.000000" m_tx="-488.489197" m_ty="-15.107914"/>
   <element name="tail" layername="tail-5" frame="5" z_index="7" m_a="1.000000" m_b="0.000000" m_c="0.000000" m_d="1.000000" m_tx="-352.517975" m_ty="82.733810"/>
   <element name="plug_tail" layername="plug_tail" frame="0" z_index="13" m_a="-0.415918" m_b="-0.031710" m_c="0.029822" m_d="-0.391166" m_tx="81.060448" m_ty="11.673103"/>
  </frame>
  <frame idx="850" w="952" h="713" x="-599.989197" y="-479.989197">
   <element name="tail" layername="tail" frame="0" z_index="12" m_a="0.998774" m_b="-0.049506" m_c="0.049506" m_d="0.998774" m_tx="49.766838" m_ty="-14.502591"/>
   <element name="tail" layername="tail" frame="1" z_index="11" m_a="0.852296" m_b="0.523060" m_c="-0.523060" m_d="0.852296" m_tx="-15.316062" m_ty="1.569948"/>
   <element name="tail" layername="tail-2" frame="2" z_index="10" m_a="-0.992476" m_b="-0.122441" m_c="0.122441" m_d="-0.992476" m_tx="-33.549225" m_ty="-32.243523"/>
   <element name="tail" layername="tail-3" frame="3" z_index="9" m_a="1.000000" m_b="0.000000" m_c="0.000000" m_d="1.000000" m_tx="-400.000000" m_ty="-136.690643"/>
   <element name="tail" layername="tail-4" frame="4" z_index="8" m_a="1.000000" m_b="0.000000" m_c="0.000000" m_d="1.000000" m_tx="-488.489197" m_ty="-15.107914"/>
   <element name="tail" layername="tail-5" frame="5" z_index="7" m_a="1.000000" m_b="0.000000" m_c="0.000000" m_d="1.000000" m_tx="-352.517975" m_ty="82.733810"/>
   <element name="plug_tail" layername="plug_tail" frame="0" z_index="13" m_a="-0.415918" m_b="-0.031710" m_c="0.029822" m_d="-0.391166" m_tx="81.060448" m_ty="11.673103"/>
  </frame>
  <frame idx="875" w="952" h="713" x="-599.989197" y="-479.989197">
   <element name="tail" layername="tail" frame="0" z_index="12" m_a="0.998774" m_b="-0.049506" m_c="0.049506" m_d="0.998774" m_tx="49.766838" m_ty="-14.502591"/>
   <element name="tail" layername="tail" frame="1" z_index="11" m_a="0.852296" m_b="0.523060" m_c="-0.523060" m_d="0.852296" m_tx="-15.316062" m_ty="1.569948"/>
   <element name="tail" layername="tail-2" frame="2" z_index="10" m_a="-0.992476" m_b="-0.122441" m_c="0.122441" m_d="-0.992476" m_tx="-33.549225" m_ty="-32.243523"/>
   <element name="tail" layername="tail-3" frame="3" z_index="9" m_a="1.000000" m_b="0.000000" m_c="0.000000" m_d="1.000000" m_tx="-400.000000" m_ty="-136.690643"/>
   <element name="tail" layername="tail-4" frame="4" z_index="8" m_a="1.000000" m_b="0.000000" m_c="0.000000" m_d="1.000000" m_tx="-488.489197" m_ty="-15.107914"/>
   <element name="tail" layername="tail-5" frame="5" z_index="7" m_a="1.000000" m_b="0.000000" m_c="0.000000" m_d="1.000000" m_tx="-352.517975" m_ty="82.733810"/>
   <element name="plug_tail" layername="plug_tail" frame="0" z_index="13" m_a="-0.415918" m_b="-0.031710" m_c="0.029822" m_d="-0.391166" m_tx="81.060448" m_ty="11.673103"/>
  </frame>
  <frame idx="900" w="952" h="713" x="-599.989197" y="-479.989197">
   <element name="tail" layername="tail" frame="0" z_index="12" m_a="0.998774" m_b="-0.049506" m_c="0.049506" m_d="0.998774" m_tx="49.766838" m_ty="-14.502591"/>
   <element name="tail" layername="tail" frame="1" z_index="11" m_a="0.852296" m_b="0.523060" m_c="-0.523060" m_d="0.852296" m_tx="-15.316062" m_ty="1.569948"/>
   <element name="tail" layername="tail-2" frame="2" z_index="10" m_a="-0.992476" m_b="-0.122441" m_c="0.122441" m_d="-0.992476" m_tx="-33.549225" m_ty="-32.243523"/>
   <element name="tail" layername="tail-3" frame="3" z_index="9" m_a="1.000000" m_b="0.000000" m_c="0.000000" m_d="1.000000" m_tx="-400.000000" m_ty="-136.690643"/>
   <element name="tail" layername="tail-4" frame="4" z_index="8" m_a="1.000000" m_b="0.000000" m_c="0.000000" m_d="1.000000" m_tx="-488.489197" m_ty="-15.107914"/>
   <element name="tail" layername="tail-5" frame="5" z_index="7" m_a="1.000000" m_b="0.000000" m_c="0.000000" m_d="1.000000" m_tx="-352.517975" m_ty="82.733810"/>
   <element name="plug_tail" layername="plug_tail" frame="0" z_index="13" m_a="-0.415918" m_b="-0.031710" m_c="0.029822" m_d="-0.391166" m_tx="81.060448" m_ty="11.673103"/>
  </frame>
  <frame idx="925" w="952" h="713" x="-599.989197" y="-479.989197">
   <element name="tail" layername="tail" frame="0" z_index="12" m_a="0.998774" m_b="-0.049506" m_c="0.049506" m_d="0.998774" m_tx="49.766838" m_ty="-14.502591"/>
   <element name="tail" layername="tail" frame="1" z_index="11" m_a="0.852296" m_b="0.523060" m_c="-0.523060" m_d="0.852296" m_tx="-15.316062" m_ty="1.569948"/>
   <element name="tail" layername="tail-2" frame="2" z_index="10" m_a="-0.992476" m_b="-0.122441" m_c="0.122441" m_d="-0.992476" m_tx="-33.549225" m_ty="-32.243523"/>
   <element name="tail" layername="tail-3" frame="3" z_index="9" m_a="1.000000" m_b="0.000000" m_c="0.000000" m_d="1.000000" m_tx="-400.000000" m_ty="-136.690643"/>
   <element name="tail" layername="tail-4" frame="4" z_index="8" m_a="1.000000" m_b="0.000000" m_c="0.000000" m_d="1.000000" m_tx="-488.489197" m_ty="-15.107914"/>
   <element name="tail" layername="tail-5" frame="5" z_index="7" m_a="1.000000" m_b="0.000000" m_c="0.000000" m_d="1.000000" m_tx="-352.517975" m_ty="82.733810"/>
   <element name="plug_tail" layername="plug_tail" frame="0" z_index="13" m_a="-0.415918" m_b="-0.031710" m_c="0.029822" m_d="-0.391166" m_tx="81.060448" m_ty="11.673103"/>
  </frame>
  <frame idx="950" w="952" h="713" x="-599.989197" y="-479.989197">
   <element name="tail" layername="tail" frame="0" z_index="12" m_a="0.998774" m_b="-0.049506" m_c="0.049506" m_d="0.998774" m_tx="49.766838" m_ty="-14.502591"/>
   <element name="tail" layername="tail" frame="1" z_index="11" m_a="0.852296" m_b="0.523060" m_c="-0.523060" m_d="0.852296" m_tx="-15.316062" m_ty="1.569948"/>
   <element name="tail" layername="tail-2" frame="2" z_index="10" m_a="-0.992476" m_b="-0.122441" m_c="0.122441" m_d="-0.992476" m_tx="-33.549225" m_ty="-32.243523"/>
   <element name="tail" layername="tail-3" frame="3" z_index="9" m_a="1.000000" m_b="0.000000" m_c="0.000000" m_d="1.000000" m_tx="-400.000000" m_ty="-136.690643"/>
   <element name="tail" layername="tail-4" frame="4" z_index="8" m_a="1.000000" m_b="0.000000" m_c="0.000000" m_d="1.000000" m_tx="-488.489197" m_ty="-15.107914"/>
   <element name="tail" layername="tail-5" frame="5" z_index="7" m_a="1.000000" m_b="0.000000" m_c="0.000000" m_d="1.000000" m_tx="-352.517975" m_ty="82.733810"/>
   <element name="plug_tail" layername="plug_tail" frame="0" z_index="13" m_a="-0.415918" m_b="-0.031710" m_c="0.029822" m_d="-0.391166" m_tx="81.060448" m_ty="11.673103"/>
  </frame>
  <frame idx="975" w="952" h="713" x="-599.989197" y="-479.989197">
   <element name="tail" layername="tail" frame="0" z_index="12" m_a="0.998774" m_b="-0.049506" m_c="0.049506" m_d="0.998774" m_tx="49.766838" m_ty="-14.502591"/>
   <element name="tail" layername="tail" frame="1" z_index="11" m_a="0.852296" m_b="0.523060" m_c="-0.523060" m_d="0.852296" m_tx="-15.316062" m_ty="1.569948"/>
   <element name="tail" layername="tail-2" frame="2" z_index="10" m_a="-0.992476" m_b="-0.122441" m_c="0.122441" m_d="-0.992476" m_tx="-33.549225" m_ty="-32.243523"/>
   <element name="tail" layername="tail-3" frame="3" z_index="9" m_a="1.000000" m_b="0.000000" m_c="0.000000" m_d="1.000000" m_tx="-400.000000" m_ty="-136.690643"/>
   <element name="tail" layername="tail-4" frame="4" z_index="8" m_a="1.000000" m_b="0.000000" m_c="0.000000" m_d="1.000000" m_tx="-488.489197" m_ty="-15.107914"/>
   <element name="tail" layername="tail-5" frame="5" z_index="7" m_a="1.000000" m_b="0.000000" m_c="0.000000" m_d="1.000000" m_tx="-352.517975" m_ty="82.733810"/>
   <element name="plug_tail" layername="plug_tail" frame="0" z_index="13" m_a="-0.415918" m_b="-0.031710" m_c="0.029822" m_d="-0.391166" m_tx="81.060448" m_ty="11.673103"/>
  </frame>
 </anim>
</Anims>
