<Anims>
 <anim name="CD" root="cdman" numframes="1000" framerate="40">
  <frame idx="0" w="548" h="411" x="224.000000" y="167.500000">
   <element name="cd" layername="cd" frame="0" z_index="1" m_a="1.000000" m_b="0.000000" m_c="0.000000" m_d="1.000000" m_tx="0.000000" m_ty="0.000000"/>
  </frame>
  <frame idx="25" w="548" h="411" x="224.000000" y="167.500000">
   <element name="cd" layername="cd" frame="0" z_index="1" m_a="1.000000" m_b="0.000000" m_c="0.000000" m_d="1.000000" m_tx="0.000000" m_ty="0.000000"/>
  </frame>
  <frame idx="50" w="548" h="411" x="224.000000" y="167.500000">
   <element name="cd" layername="cd" frame="1" z_index="1" m_a="1.000000" m_b="0.000000" m_c="0.000000" m_d="1.000000" m_tx="0.000000" m_ty="0.000000"/>
  </frame>
  <frame idx="75" w="548" h="411" x="224.000000" y="167.500000">
   <element name="cd" layername="cd" frame="1" z_index="1" m_a="1.000000" m_b="0.000000" m_c="0.000000" m_d="1.000000" m_tx="0.000000" m_ty="0.000000"/>
  </frame>
  <frame idx="100" w="548" h="411" x="224.000000" y="167.500000">
   <element name="cd" layername="cd" frame="2" z_index="1" m_a="1.000000" m_b="0.000000" m_c="0.000000" m_d="1.000000" m_tx="0.000000" m_ty="0.000000"/>
  </frame>
  <frame idx="125" w="548" h="411" x="224.000000" y="167.500000">
   <element name="cd" layername="cd" frame="2" z_index="1" m_a="1.000000" m_b="0.000000" m_c="0.000000" m_d="1.000000" m_tx="0.000000" m_ty="0.000000"/>
  </frame>
  <frame idx="150" w="548" h="411" x="224.000000" y="167.500000">
   <element name="cd" layername="cd" frame="3" z_index="1" m_a="1.000000" m_b="0.000000" m_c="0.000000" m_d="1.000000" m_tx="0.000000" m_ty="0.000000"/>
  </frame>
  <frame idx="175" w="548" h="411" x="224.000000" y="167.500000">
   <element name="cd" layername="cd" frame="3" z_index="1" m_a="1.000000" m_b="0.000000" m_c="0.000000" m_d="1.000000" m_tx="0.000000" m_ty="0.000000"/>
  </frame>
  <frame idx="200" w="548" h="411" x="224.000000" y="167.500000">
   <element name="cd" layername="cd" frame="4" z_index="1" m_a="1.000000" m_b="0.000000" m_c="0.000000" m_d="1.000000" m_tx="0.000000" m_ty="0.000000"/>
  </frame>
  <frame idx="225" w="548" h="411" x="224.000000" y="167.500000">
   <element name="cd" layername="cd" frame="4" z_index="1" m_a="1.000000" m_b="0.000000" m_c="0.000000" m_d="1.000000" m_tx="0.000000" m_ty="0.000000"/>
  </frame>
  <frame idx="250" w="548" h="411" x="224.000000" y="167.500000">
   <element name="cd" layername="cd" frame="5" z_index="1" m_a="1.000000" m_b="0.000000" m_c="0.000000" m_d="1.000000" m_tx="0.000000" m_ty="0.000000"/>
  </frame>
  <frame idx="275" w="548" h="411" x="224.000000" y="167.500000">
   <element name="cd" layername="cd" frame="5" z_index="1" m_a="1.000000" m_b="0.000000" m_c="0.000000" m_d="1.000000" m_tx="0.000000" m_ty="0.000000"/>
  </frame>
  <frame idx="300" w="548" h="411" x="224.000000" y="167.500000">
   <element name="cd" layername="cd" frame="6" z_index="1" m_a="1.000000" m_b="0.000000" m_c="0.000000" m_d="1.000000" m_tx="0.000000" m_ty="0.000000"/>
  </frame>
  <frame idx="325" w="548" h="411" x="224.000000" y="167.500000">
   <element name="cd" layername="cd" frame="6" z_index="1" m_a="1.000000" m_b="0.000000" m_c="0.000000" m_d="1.000000" m_tx="0.000000" m_ty="0.000000"/>
  </frame>
  <frame idx="350" w="548" h="411" x="224.000000" y="167.500000">
   <element name="cd" layername="cd" frame="7" z_index="1" m_a="1.000000" m_b="0.000000" m_c="0.000000" m_d="1.000000" m_tx="0.000000" m_ty="0.000000"/>
  </frame>
  <frame idx="375" w="548" h="411" x="224.000000" y="167.500000">
   <element name="cd" layername="cd" frame="7" z_index="1" m_a="1.000000" m_b="0.000000" m_c="0.000000" m_d="1.000000" m_tx="0.000000" m_ty="0.000000"/>
  </frame>
  <frame idx="400" w="548" h="411" x="224.000000" y="167.500000">
   <element name="cd" layername="cd" frame="8" z_index="1" m_a="1.000000" m_b="0.000000" m_c="0.000000" m_d="1.000000" m_tx="0.000000" m_ty="0.000000"/>
  </frame>
  <frame idx="425" w="548" h="411" x="224.000000" y="167.500000">
   <element name="cd" layername="cd" frame="8" z_index="1" m_a="1.000000" m_b="0.000000" m_c="0.000000" m_d="1.000000" m_tx="0.000000" m_ty="0.000000"/>
  </frame>
  <frame idx="450" w="548" h="411" x="224.000000" y="167.500000">
   <element name="cd" layername="cd" frame="9" z_index="1" m_a="1.000000" m_b="0.000000" m_c="0.000000" m_d="1.000000" m_tx="0.000000" m_ty="0.000000"/>
  </frame>
  <frame idx="475" w="548" h="411" x="224.000000" y="167.500000">
   <element name="cd" layername="cd" frame="9" z_index="1" m_a="1.000000" m_b="0.000000" m_c="0.000000" m_d="1.000000" m_tx="0.000000" m_ty="0.000000"/>
  </frame>
  <frame idx="500" w="548" h="411" x="224.000000" y="167.500000">
   <element name="cd" layername="cd" frame="10" z_index="1" m_a="1.000000" m_b="0.000000" m_c="0.000000" m_d="1.000000" m_tx="0.000000" m_ty="0.000000"/>
  </frame>
  <frame idx="525" w="548" h="411" x="224.000000" y="167.500000">
   <element name="cd" layername="cd" frame="10" z_index="1" m_a="1.000000" m_b="0.000000" m_c="0.000000" m_d="1.000000" m_tx="0.000000" m_ty="0.000000"/>
  </frame>
  <frame idx="550" w="548" h="411" x="224.000000" y="167.500000">
   <element name="cd" layername="cd" frame="11" z_index="1" m_a="1.000000" m_b="0.000000" m_c="0.000000" m_d="1.000000" m_tx="0.000000" m_ty="0.000000"/>
  </frame>
  <frame idx="575" w="548" h="411" x="224.000000" y="167.500000">
   <element name="cd" layername="cd" frame="11" z_index="1" m_a="1.000000" m_b="0.000000" m_c="0.000000" m_d="1.000000" m_tx="0.000000" m_ty="0.000000"/>
  </frame>
  <frame idx="600" w="548" h="411" x="224.000000" y="167.500000">
   <element name="cd" layername="cd" frame="12" z_index="1" m_a="1.000000" m_b="0.000000" m_c="0.000000" m_d="1.000000" m_tx="0.000000" m_ty="0.000000"/>
  </frame>
  <frame idx="625" w="548" h="411" x="224.000000" y="167.500000">
   <element name="cd" layername="cd" frame="12" z_index="1" m_a="1.000000" m_b="0.000000" m_c="0.000000" m_d="1.000000" m_tx="0.000000" m_ty="0.000000"/>
  </frame>
  <frame idx="650" w="548" h="411" x="224.000000" y="167.500000">
   <element name="cd" layername="cd" frame="13" z_index="1" m_a="1.000000" m_b="0.000000" m_c="0.000000" m_d="1.000000" m_tx="0.000000" m_ty="0.000000"/>
  </frame>
  <frame idx="675" w="548" h="411" x="224.000000" y="167.500000">
   <element name="cd" layername="cd" frame="13" z_index="1" m_a="1.000000" m_b="0.000000" m_c="0.000000" m_d="1.000000" m_tx="0.000000" m_ty="0.000000"/>
  </frame>
  <frame idx="700" w="548" h="411" x="224.000000" y="167.500000">
   <element name="cd" layername="cd" frame="14" z_index="1" m_a="1.000000" m_b="0.000000" m_c="0.000000" m_d="1.000000" m_tx="0.000000" m_ty="0.000000"/>
  </frame>
  <frame idx="725" w="548" h="411" x="224.000000" y="167.500000">
   <element name="cd" layername="cd" frame="14" z_index="1" m_a="1.000000" m_b="0.000000" m_c="0.000000" m_d="1.000000" m_tx="0.000000" m_ty="0.000000"/>
  </frame>
  <frame idx="750" w="548" h="411" x="224.000000" y="167.500000">
   <element name="cd" layername="cd" frame="15" z_index="1" m_a="1.000000" m_b="0.000000" m_c="0.000000" m_d="1.000000" m_tx="0.000000" m_ty="0.000000"/>
  </frame>
  <frame idx="775" w="548" h="411" x="224.000000" y="167.500000">
   <element name="cd" layername="cd" frame="15" z_index="1" m_a="1.000000" m_b="0.000000" m_c="0.000000" m_d="1.000000" m_tx="0.000000" m_ty="0.000000"/>
  </frame>
  <frame idx="800" w="548" h="411" x="224.000000" y="167.500000">
   <element name="cd" layername="cd" frame="16" z_index="1" m_a="1.000000" m_b="0.000000" m_c="0.000000" m_d="1.000000" m_tx="0.000000" m_ty="0.000000"/>
  </frame>
  <frame idx="825" w="548" h="411" x="224.000000" y="167.500000">
   <element name="cd" layername="cd" frame="16" z_index="1" m_a="1.000000" m_b="0.000000" m_c="0.000000" m_d="1.000000" m_tx="0.000000" m_ty="0.000000"/>
  </frame>
  <frame idx="850" w="548" h="411" x="224.000000" y="167.500000">
   <element name="cd" layername="cd" frame="17" z_index="1" m_a="1.000000" m_b="0.000000" m_c="0.000000" m_d="1.000000" m_tx="0.000000" m_ty="0.000000"/>
  </frame>
  <frame idx="875" w="548" h="411" x="224.000000" y="167.500000">
   <element name="cd" layername="cd" frame="17" z_index="1" m_a="1.000000" m_b="0.000000" m_c="0.000000" m_d="1.000000" m_tx="0.000000" m_ty="0.000000"/>
  </frame>
  <frame idx="900" w="548" h="411" x="224.000000" y="167.500000">
   <element name="cd" layername="cd" frame="18" z_index="1" m_a="1.000000" m_b="0.000000" m_c="0.000000" m_d="1.000000" m_tx="0.000000" m_ty="0.000000"/>
  </frame>
  <frame idx="925" w="548" h="411" x="224.000000" y="167.500000">
   <element name="cd" layername="cd" frame="18" z_index="1" m_a="1.000000" m_b="0.000000" m_c="0.000000" m_d="1.000000" m_tx="0.000000" m_ty="0.000000"/>
  </frame>
  <frame idx="950" w="548" h="411" x="224.000000" y="167.500000">
   <element name="cd" layername="cd" frame="19" z_index="1" m_a="1.000000" m_b="0.000000" m_c="0.000000" m_d="1.000000" m_tx="0.000000" m_ty="0.000000"/>
  </frame>
  <frame idx="975" w="548" h="411" x="224.000000" y="167.500000">
   <element name="cd" layername="cd" frame="19" z_index="1" m_a="1.000000" m_b="0.000000" m_c="0.000000" m_d="1.000000" m_tx="0.000000" m_ty="0.000000"/>
  </frame>
 </anim>
</Anims>
