<Anims>
 <anim name="anim" root="lewd_cen" numframes="1000" framerate="40">
  <frame idx="0" w="122" h="122" x="41.000000" y="41.000000">
   <element name="lewd_cen" layername="lewd_cen" frame="0" z_index="3" m_a="1.000000" m_b="0.000000" m_c="0.000000" m_d="1.000000" m_tx="1.000000" m_ty="1.000000"/>
  </frame>
  <frame idx="25" w="122" h="122" x="41.000000" y="41.000000">
   <element name="lewd_cen" layername="lewd_cen" frame="0" z_index="3" m_a="1.000000" m_b="0.000000" m_c="0.000000" m_d="1.000000" m_tx="1.000000" m_ty="1.000000"/>
  </frame>
  <frame idx="50" w="122" h="122" x="41.000000" y="41.000000">
   <element name="lewd_cen" layername="lewd_cen" frame="0" z_index="3" m_a="1.000000" m_b="0.000000" m_c="0.000000" m_d="1.000000" m_tx="1.000000" m_ty="1.000000"/>
  </frame>
  <frame idx="75" w="122" h="122" x="41.000000" y="41.000000">
   <element name="lewd_cen" layername="lewd_cen" frame="0" z_index="3" m_a="1.000000" m_b="0.000000" m_c="0.000000" m_d="1.000000" m_tx="1.000000" m_ty="1.000000"/>
  </frame>
  <frame idx="100" w="122" h="122" x="41.000000" y="41.000000">
   <element name="lewd_cen" layername="lewd_cen" frame="0" z_index="3" m_a="1.000000" m_b="0.000000" m_c="0.000000" m_d="1.000000" m_tx="1.000000" m_ty="1.000000"/>
  </frame>
  <frame idx="125" w="122" h="122" x="41.000000" y="41.000000">
   <element name="lewd_cen" layername="lewd_cen" frame="0" z_index="3" m_a="1.000000" m_b="0.000000" m_c="0.000000" m_d="1.000000" m_tx="1.000000" m_ty="1.000000"/>
  </frame>
  <frame idx="150" w="122" h="122" x="41.000000" y="41.000000">
   <element name="lewd_cen" layername="lewd_cen" frame="0" z_index="3" m_a="1.000000" m_b="0.000000" m_c="0.000000" m_d="1.000000" m_tx="1.000000" m_ty="1.000000"/>
  </frame>
  <frame idx="175" w="122" h="122" x="41.000000" y="41.000000">
   <element name="lewd_cen" layername="lewd_cen" frame="0" z_index="3" m_a="1.000000" m_b="0.000000" m_c="0.000000" m_d="1.000000" m_tx="1.000000" m_ty="1.000000"/>
  </frame>
  <frame idx="200" w="122" h="122" x="41.000000" y="41.000000">
   <element name="lewd_cen" layername="lewd_cen" frame="0" z_index="3" m_a="1.000000" m_b="0.000000" m_c="0.000000" m_d="1.000000" m_tx="1.000000" m_ty="1.000000"/>
  </frame>
  <frame idx="225" w="122" h="122" x="41.000000" y="41.000000">
   <element name="lewd_cen" layername="lewd_cen" frame="0" z_index="3" m_a="1.000000" m_b="0.000000" m_c="0.000000" m_d="1.000000" m_tx="1.000000" m_ty="1.000000"/>
  </frame>
  <frame idx="250" w="122" h="122" x="41.000000" y="41.000000">
   <element name="lewd_cen" layername="lewd_cen" frame="0" z_index="3" m_a="1.000000" m_b="0.000000" m_c="0.000000" m_d="1.000000" m_tx="1.000000" m_ty="1.000000"/>
  </frame>
  <frame idx="275" w="122" h="122" x="41.000000" y="41.000000">
   <element name="lewd_cen" layername="lewd_cen" frame="0" z_index="3" m_a="1.000000" m_b="0.000000" m_c="0.000000" m_d="1.000000" m_tx="1.000000" m_ty="1.000000"/>
  </frame>
  <frame idx="300" w="122" h="122" x="41.000000" y="41.000000">
   <element name="lewd_cen" layername="lewd_cen" frame="0" z_index="3" m_a="1.000000" m_b="0.000000" m_c="0.000000" m_d="1.000000" m_tx="1.000000" m_ty="1.000000"/>
  </frame>
  <frame idx="325" w="122" h="122" x="41.000000" y="41.000000">
   <element name="lewd_cen" layername="lewd_cen" frame="0" z_index="3" m_a="1.000000" m_b="0.000000" m_c="0.000000" m_d="1.000000" m_tx="1.000000" m_ty="1.000000"/>
  </frame>
  <frame idx="350" w="122" h="122" x="41.000000" y="41.000000">
   <element name="lewd_cen" layername="lewd_cen" frame="0" z_index="3" m_a="1.000000" m_b="0.000000" m_c="0.000000" m_d="1.000000" m_tx="1.000000" m_ty="1.000000"/>
  </frame>
  <frame idx="375" w="122" h="122" x="41.000000" y="41.000000">
   <element name="lewd_cen" layername="lewd_cen" frame="0" z_index="3" m_a="1.000000" m_b="0.000000" m_c="0.000000" m_d="1.000000" m_tx="1.000000" m_ty="1.000000"/>
  </frame>
  <frame idx="400" w="122" h="122" x="41.000000" y="41.000000">
   <element name="lewd_cen" layername="lewd_cen" frame="0" z_index="3" m_a="1.000000" m_b="0.000000" m_c="0.000000" m_d="1.000000" m_tx="1.000000" m_ty="1.000000"/>
  </frame>
  <frame idx="425" w="122" h="122" x="41.000000" y="41.000000">
   <element name="lewd_cen" layername="lewd_cen" frame="0" z_index="3" m_a="1.000000" m_b="0.000000" m_c="0.000000" m_d="1.000000" m_tx="1.000000" m_ty="1.000000"/>
  </frame>
  <frame idx="450" w="122" h="122" x="41.000000" y="41.000000">
   <element name="lewd_cen" layername="lewd_cen" frame="0" z_index="3" m_a="1.000000" m_b="0.000000" m_c="0.000000" m_d="1.000000" m_tx="1.000000" m_ty="1.000000"/>
  </frame>
  <frame idx="475" w="122" h="122" x="41.000000" y="41.000000">
   <element name="lewd_cen" layername="lewd_cen" frame="0" z_index="3" m_a="1.000000" m_b="0.000000" m_c="0.000000" m_d="1.000000" m_tx="1.000000" m_ty="1.000000"/>
  </frame>
  <frame idx="500" w="122" h="122" x="41.000000" y="41.000000">
   <element name="lewd_cen" layername="lewd_cen" frame="0" z_index="3" m_a="1.000000" m_b="0.000000" m_c="0.000000" m_d="1.000000" m_tx="1.000000" m_ty="1.000000"/>
  </frame>
  <frame idx="525" w="122" h="122" x="41.000000" y="41.000000">
   <element name="lewd_cen" layername="lewd_cen" frame="0" z_index="3" m_a="1.000000" m_b="0.000000" m_c="0.000000" m_d="1.000000" m_tx="1.000000" m_ty="1.000000"/>
  </frame>
  <frame idx="550" w="122" h="122" x="41.000000" y="41.000000">
   <element name="lewd_cen" layername="lewd_cen" frame="0" z_index="3" m_a="1.000000" m_b="0.000000" m_c="0.000000" m_d="1.000000" m_tx="1.000000" m_ty="1.000000"/>
  </frame>
  <frame idx="575" w="122" h="122" x="41.000000" y="41.000000">
   <element name="lewd_cen" layername="lewd_cen" frame="0" z_index="3" m_a="1.000000" m_b="0.000000" m_c="0.000000" m_d="1.000000" m_tx="1.000000" m_ty="1.000000"/>
  </frame>
  <frame idx="600" w="122" h="122" x="41.000000" y="41.000000">
   <element name="lewd_cen" layername="lewd_cen" frame="0" z_index="3" m_a="1.000000" m_b="0.000000" m_c="0.000000" m_d="1.000000" m_tx="1.000000" m_ty="1.000000"/>
  </frame>
  <frame idx="625" w="122" h="122" x="41.000000" y="41.000000">
   <element name="lewd_cen" layername="lewd_cen" frame="0" z_index="3" m_a="1.000000" m_b="0.000000" m_c="0.000000" m_d="1.000000" m_tx="1.000000" m_ty="1.000000"/>
  </frame>
  <frame idx="650" w="122" h="122" x="41.000000" y="41.000000">
   <element name="lewd_cen" layername="lewd_cen" frame="0" z_index="3" m_a="1.000000" m_b="0.000000" m_c="0.000000" m_d="1.000000" m_tx="1.000000" m_ty="1.000000"/>
  </frame>
  <frame idx="675" w="122" h="122" x="41.000000" y="41.000000">
   <element name="lewd_cen" layername="lewd_cen" frame="0" z_index="3" m_a="1.000000" m_b="0.000000" m_c="0.000000" m_d="1.000000" m_tx="1.000000" m_ty="1.000000"/>
  </frame>
  <frame idx="700" w="122" h="122" x="41.000000" y="41.000000">
   <element name="lewd_cen" layername="lewd_cen" frame="0" z_index="3" m_a="1.000000" m_b="0.000000" m_c="0.000000" m_d="1.000000" m_tx="1.000000" m_ty="1.000000"/>
  </frame>
  <frame idx="725" w="122" h="122" x="41.000000" y="41.000000">
   <element name="lewd_cen" layername="lewd_cen" frame="0" z_index="3" m_a="1.000000" m_b="0.000000" m_c="0.000000" m_d="1.000000" m_tx="1.000000" m_ty="1.000000"/>
  </frame>
  <frame idx="750" w="122" h="122" x="41.000000" y="41.000000">
   <element name="lewd_cen" layername="lewd_cen" frame="0" z_index="3" m_a="1.000000" m_b="0.000000" m_c="0.000000" m_d="1.000000" m_tx="1.000000" m_ty="1.000000"/>
  </frame>
  <frame idx="775" w="122" h="122" x="41.000000" y="41.000000">
   <element name="lewd_cen" layername="lewd_cen" frame="0" z_index="3" m_a="1.000000" m_b="0.000000" m_c="0.000000" m_d="1.000000" m_tx="1.000000" m_ty="1.000000"/>
  </frame>
  <frame idx="800" w="122" h="122" x="41.000000" y="41.000000">
   <element name="lewd_cen" layername="lewd_cen" frame="0" z_index="3" m_a="1.000000" m_b="0.000000" m_c="0.000000" m_d="1.000000" m_tx="1.000000" m_ty="1.000000"/>
  </frame>
  <frame idx="825" w="122" h="122" x="41.000000" y="41.000000">
   <element name="lewd_cen" layername="lewd_cen" frame="0" z_index="3" m_a="1.000000" m_b="0.000000" m_c="0.000000" m_d="1.000000" m_tx="1.000000" m_ty="1.000000"/>
  </frame>
  <frame idx="850" w="122" h="122" x="41.000000" y="41.000000">
   <element name="lewd_cen" layername="lewd_cen" frame="0" z_index="3" m_a="1.000000" m_b="0.000000" m_c="0.000000" m_d="1.000000" m_tx="1.000000" m_ty="1.000000"/>
  </frame>
  <frame idx="875" w="122" h="122" x="41.000000" y="41.000000">
   <element name="lewd_cen" layername="lewd_cen" frame="0" z_index="3" m_a="1.000000" m_b="0.000000" m_c="0.000000" m_d="1.000000" m_tx="1.000000" m_ty="1.000000"/>
  </frame>
  <frame idx="900" w="122" h="122" x="41.000000" y="41.000000">
   <element name="lewd_cen" layername="lewd_cen" frame="0" z_index="3" m_a="1.000000" m_b="0.000000" m_c="0.000000" m_d="1.000000" m_tx="1.000000" m_ty="1.000000"/>
  </frame>
  <frame idx="925" w="122" h="122" x="41.000000" y="41.000000">
   <element name="lewd_cen" layername="lewd_cen" frame="0" z_index="3" m_a="1.000000" m_b="0.000000" m_c="0.000000" m_d="1.000000" m_tx="1.000000" m_ty="1.000000"/>
  </frame>
  <frame idx="950" w="122" h="122" x="41.000000" y="41.000000">
   <element name="lewd_cen" layername="lewd_cen" frame="0" z_index="3" m_a="1.000000" m_b="0.000000" m_c="0.000000" m_d="1.000000" m_tx="1.000000" m_ty="1.000000"/>
  </frame>
  <frame idx="975" w="122" h="122" x="41.000000" y="41.000000">
   <element name="lewd_cen" layername="lewd_cen" frame="0" z_index="3" m_a="1.000000" m_b="0.000000" m_c="0.000000" m_d="1.000000" m_tx="1.000000" m_ty="1.000000"/>
  </frame>
 </anim>
 <anim name="anim2" root="lewd_cen" numframes="1000" framerate="40">
  <frame idx="0" w="122" h="61" x="-10.500000" y="46.000000">
   <element name="lewd_cen" layername="lewd_cen" frame="0" z_index="3" m_a="1.000000" m_b="0.000000" m_c="0.000000" m_d="1.000000" m_tx="-50.500000" m_ty="1.000000"/>
  </frame>
  <frame idx="25" w="122" h="61" x="-10.500000" y="46.000000">
   <element name="lewd_cen" layername="lewd_cen" frame="0" z_index="3" m_a="1.000000" m_b="0.000000" m_c="0.000000" m_d="1.000000" m_tx="-50.500000" m_ty="1.000000"/>
  </frame>
  <frame idx="50" w="122" h="61" x="-10.500000" y="46.000000">
   <element name="lewd_cen" layername="lewd_cen" frame="0" z_index="3" m_a="1.000000" m_b="0.000000" m_c="0.000000" m_d="1.000000" m_tx="-50.500000" m_ty="1.000000"/>
  </frame>
  <frame idx="75" w="122" h="61" x="-10.500000" y="46.000000">
   <element name="lewd_cen" layername="lewd_cen" frame="0" z_index="3" m_a="1.000000" m_b="0.000000" m_c="0.000000" m_d="1.000000" m_tx="-50.500000" m_ty="1.000000"/>
  </frame>
  <frame idx="100" w="122" h="61" x="-10.500000" y="46.000000">
   <element name="lewd_cen" layername="lewd_cen" frame="0" z_index="3" m_a="1.000000" m_b="0.000000" m_c="0.000000" m_d="1.000000" m_tx="-50.500000" m_ty="1.000000"/>
  </frame>
  <frame idx="125" w="122" h="61" x="-10.500000" y="46.000000">
   <element name="lewd_cen" layername="lewd_cen" frame="0" z_index="3" m_a="1.000000" m_b="0.000000" m_c="0.000000" m_d="1.000000" m_tx="-50.500000" m_ty="1.000000"/>
  </frame>
  <frame idx="150" w="122" h="61" x="-10.500000" y="46.000000">
   <element name="lewd_cen" layername="lewd_cen" frame="0" z_index="3" m_a="1.000000" m_b="0.000000" m_c="0.000000" m_d="1.000000" m_tx="-50.500000" m_ty="1.000000"/>
  </frame>
  <frame idx="175" w="122" h="61" x="-10.500000" y="46.000000">
   <element name="lewd_cen" layername="lewd_cen" frame="0" z_index="3" m_a="1.000000" m_b="0.000000" m_c="0.000000" m_d="1.000000" m_tx="-50.500000" m_ty="1.000000"/>
  </frame>
  <frame idx="200" w="122" h="61" x="-10.500000" y="46.000000">
   <element name="lewd_cen" layername="lewd_cen" frame="0" z_index="3" m_a="1.000000" m_b="0.000000" m_c="0.000000" m_d="1.000000" m_tx="-50.500000" m_ty="1.000000"/>
  </frame>
  <frame idx="225" w="122" h="61" x="-10.500000" y="46.000000">
   <element name="lewd_cen" layername="lewd_cen" frame="0" z_index="3" m_a="1.000000" m_b="0.000000" m_c="0.000000" m_d="1.000000" m_tx="-50.500000" m_ty="1.000000"/>
  </frame>
  <frame idx="250" w="122" h="61" x="-10.500000" y="46.000000">
   <element name="lewd_cen" layername="lewd_cen" frame="0" z_index="3" m_a="1.000000" m_b="0.000000" m_c="0.000000" m_d="1.000000" m_tx="-50.500000" m_ty="1.000000"/>
  </frame>
  <frame idx="275" w="122" h="61" x="-10.500000" y="46.000000">
   <element name="lewd_cen" layername="lewd_cen" frame="0" z_index="3" m_a="1.000000" m_b="0.000000" m_c="0.000000" m_d="1.000000" m_tx="-50.500000" m_ty="1.000000"/>
  </frame>
  <frame idx="300" w="122" h="61" x="-10.500000" y="46.000000">
   <element name="lewd_cen" layername="lewd_cen" frame="0" z_index="3" m_a="1.000000" m_b="0.000000" m_c="0.000000" m_d="1.000000" m_tx="-50.500000" m_ty="1.000000"/>
  </frame>
  <frame idx="325" w="122" h="61" x="-10.500000" y="46.000000">
   <element name="lewd_cen" layername="lewd_cen" frame="0" z_index="3" m_a="1.000000" m_b="0.000000" m_c="0.000000" m_d="1.000000" m_tx="-50.500000" m_ty="1.000000"/>
  </frame>
  <frame idx="350" w="122" h="61" x="-10.500000" y="46.000000">
   <element name="lewd_cen" layername="lewd_cen" frame="0" z_index="3" m_a="1.000000" m_b="0.000000" m_c="0.000000" m_d="1.000000" m_tx="-50.500000" m_ty="1.000000"/>
  </frame>
  <frame idx="375" w="122" h="61" x="-10.500000" y="46.000000">
   <element name="lewd_cen" layername="lewd_cen" frame="0" z_index="3" m_a="1.000000" m_b="0.000000" m_c="0.000000" m_d="1.000000" m_tx="-50.500000" m_ty="1.000000"/>
  </frame>
  <frame idx="400" w="122" h="61" x="-10.500000" y="46.000000">
   <element name="lewd_cen" layername="lewd_cen" frame="0" z_index="3" m_a="1.000000" m_b="0.000000" m_c="0.000000" m_d="1.000000" m_tx="-50.500000" m_ty="1.000000"/>
  </frame>
  <frame idx="425" w="122" h="61" x="-10.500000" y="46.000000">
   <element name="lewd_cen" layername="lewd_cen" frame="0" z_index="3" m_a="1.000000" m_b="0.000000" m_c="0.000000" m_d="1.000000" m_tx="-50.500000" m_ty="1.000000"/>
  </frame>
  <frame idx="450" w="122" h="61" x="-10.500000" y="46.000000">
   <element name="lewd_cen" layername="lewd_cen" frame="0" z_index="3" m_a="1.000000" m_b="0.000000" m_c="0.000000" m_d="1.000000" m_tx="-50.500000" m_ty="1.000000"/>
  </frame>
  <frame idx="475" w="122" h="61" x="-10.500000" y="46.000000">
   <element name="lewd_cen" layername="lewd_cen" frame="0" z_index="3" m_a="1.000000" m_b="0.000000" m_c="0.000000" m_d="1.000000" m_tx="-50.500000" m_ty="1.000000"/>
  </frame>
  <frame idx="500" w="122" h="61" x="-10.500000" y="46.000000">
   <element name="lewd_cen" layername="lewd_cen" frame="0" z_index="3" m_a="1.000000" m_b="0.000000" m_c="0.000000" m_d="1.000000" m_tx="-50.500000" m_ty="1.000000"/>
  </frame>
  <frame idx="525" w="122" h="61" x="-10.500000" y="46.000000">
   <element name="lewd_cen" layername="lewd_cen" frame="0" z_index="3" m_a="1.000000" m_b="0.000000" m_c="0.000000" m_d="1.000000" m_tx="-50.500000" m_ty="1.000000"/>
  </frame>
  <frame idx="550" w="122" h="61" x="-10.500000" y="46.000000">
   <element name="lewd_cen" layername="lewd_cen" frame="0" z_index="3" m_a="1.000000" m_b="0.000000" m_c="0.000000" m_d="1.000000" m_tx="-50.500000" m_ty="1.000000"/>
  </frame>
  <frame idx="575" w="122" h="61" x="-10.500000" y="46.000000">
   <element name="lewd_cen" layername="lewd_cen" frame="0" z_index="3" m_a="1.000000" m_b="0.000000" m_c="0.000000" m_d="1.000000" m_tx="-50.500000" m_ty="1.000000"/>
  </frame>
  <frame idx="600" w="122" h="61" x="-10.500000" y="46.000000">
   <element name="lewd_cen" layername="lewd_cen" frame="0" z_index="3" m_a="1.000000" m_b="0.000000" m_c="0.000000" m_d="1.000000" m_tx="-50.500000" m_ty="1.000000"/>
  </frame>
  <frame idx="625" w="122" h="61" x="-10.500000" y="46.000000">
   <element name="lewd_cen" layername="lewd_cen" frame="0" z_index="3" m_a="1.000000" m_b="0.000000" m_c="0.000000" m_d="1.000000" m_tx="-50.500000" m_ty="1.000000"/>
  </frame>
  <frame idx="650" w="122" h="61" x="-10.500000" y="46.000000">
   <element name="lewd_cen" layername="lewd_cen" frame="0" z_index="3" m_a="1.000000" m_b="0.000000" m_c="0.000000" m_d="1.000000" m_tx="-50.500000" m_ty="1.000000"/>
  </frame>
  <frame idx="675" w="122" h="61" x="-10.500000" y="46.000000">
   <element name="lewd_cen" layername="lewd_cen" frame="0" z_index="3" m_a="1.000000" m_b="0.000000" m_c="0.000000" m_d="1.000000" m_tx="-50.500000" m_ty="1.000000"/>
  </frame>
  <frame idx="700" w="122" h="61" x="-10.500000" y="46.000000">
   <element name="lewd_cen" layername="lewd_cen" frame="0" z_index="3" m_a="1.000000" m_b="0.000000" m_c="0.000000" m_d="1.000000" m_tx="-50.500000" m_ty="1.000000"/>
  </frame>
  <frame idx="725" w="122" h="61" x="-10.500000" y="46.000000">
   <element name="lewd_cen" layername="lewd_cen" frame="0" z_index="3" m_a="1.000000" m_b="0.000000" m_c="0.000000" m_d="1.000000" m_tx="-50.500000" m_ty="1.000000"/>
  </frame>
  <frame idx="750" w="122" h="61" x="-10.500000" y="46.000000">
   <element name="lewd_cen" layername="lewd_cen" frame="0" z_index="3" m_a="1.000000" m_b="0.000000" m_c="0.000000" m_d="1.000000" m_tx="-50.500000" m_ty="1.000000"/>
  </frame>
  <frame idx="775" w="122" h="61" x="-10.500000" y="46.000000">
   <element name="lewd_cen" layername="lewd_cen" frame="0" z_index="3" m_a="1.000000" m_b="0.000000" m_c="0.000000" m_d="1.000000" m_tx="-50.500000" m_ty="1.000000"/>
  </frame>
  <frame idx="800" w="122" h="61" x="-10.500000" y="46.000000">
   <element name="lewd_cen" layername="lewd_cen" frame="0" z_index="3" m_a="1.000000" m_b="0.000000" m_c="0.000000" m_d="1.000000" m_tx="-50.500000" m_ty="1.000000"/>
  </frame>
  <frame idx="825" w="122" h="61" x="-10.500000" y="46.000000">
   <element name="lewd_cen" layername="lewd_cen" frame="0" z_index="3" m_a="1.000000" m_b="0.000000" m_c="0.000000" m_d="1.000000" m_tx="-50.500000" m_ty="1.000000"/>
  </frame>
  <frame idx="850" w="122" h="61" x="-10.500000" y="46.000000">
   <element name="lewd_cen" layername="lewd_cen" frame="0" z_index="3" m_a="1.000000" m_b="0.000000" m_c="0.000000" m_d="1.000000" m_tx="-50.500000" m_ty="1.000000"/>
  </frame>
  <frame idx="875" w="122" h="61" x="-10.500000" y="46.000000">
   <element name="lewd_cen" layername="lewd_cen" frame="0" z_index="3" m_a="1.000000" m_b="0.000000" m_c="0.000000" m_d="1.000000" m_tx="-50.500000" m_ty="1.000000"/>
  </frame>
  <frame idx="900" w="122" h="61" x="-10.500000" y="46.000000">
   <element name="lewd_cen" layername="lewd_cen" frame="0" z_index="3" m_a="1.000000" m_b="0.000000" m_c="0.000000" m_d="1.000000" m_tx="-50.500000" m_ty="1.000000"/>
  </frame>
  <frame idx="925" w="122" h="61" x="-10.500000" y="46.000000">
   <element name="lewd_cen" layername="lewd_cen" frame="0" z_index="3" m_a="1.000000" m_b="0.000000" m_c="0.000000" m_d="1.000000" m_tx="-50.500000" m_ty="1.000000"/>
  </frame>
  <frame idx="950" w="122" h="61" x="-10.500000" y="46.000000">
   <element name="lewd_cen" layername="lewd_cen" frame="0" z_index="3" m_a="1.000000" m_b="0.000000" m_c="0.000000" m_d="1.000000" m_tx="-50.500000" m_ty="1.000000"/>
  </frame>
  <frame idx="975" w="122" h="61" x="-10.500000" y="46.000000">
   <element name="lewd_cen" layername="lewd_cen" frame="0" z_index="3" m_a="1.000000" m_b="0.000000" m_c="0.000000" m_d="1.000000" m_tx="-50.500000" m_ty="1.000000"/>
  </frame>
 </anim>
 <anim name="anim3" root="lewd_cen" numframes="1000" framerate="40">
  <frame idx="0" w="122" h="124" x="-10.500000" y="-12.454960">
   <element name="lewd_cen" layername="lewd_cen" frame="0" z_index="3" m_a="1.000000" m_b="0.000000" m_c="0.000000" m_d="1.000000" m_tx="-50.500000" m_ty="-52.454960"/>
  </frame>
  <frame idx="25" w="122" h="124" x="-10.500000" y="-12.454960">
   <element name="lewd_cen" layername="lewd_cen" frame="0" z_index="3" m_a="1.000000" m_b="0.000000" m_c="0.000000" m_d="1.000000" m_tx="-50.500000" m_ty="-52.454960"/>
  </frame>
  <frame idx="50" w="122" h="124" x="-10.500000" y="-12.454960">
   <element name="lewd_cen" layername="lewd_cen" frame="0" z_index="3" m_a="1.000000" m_b="0.000000" m_c="0.000000" m_d="1.000000" m_tx="-50.500000" m_ty="-52.454960"/>
  </frame>
  <frame idx="75" w="122" h="124" x="-10.500000" y="-12.454960">
   <element name="lewd_cen" layername="lewd_cen" frame="0" z_index="3" m_a="1.000000" m_b="0.000000" m_c="0.000000" m_d="1.000000" m_tx="-50.500000" m_ty="-52.454960"/>
  </frame>
  <frame idx="100" w="122" h="124" x="-10.500000" y="-12.454960">
   <element name="lewd_cen" layername="lewd_cen" frame="0" z_index="3" m_a="1.000000" m_b="0.000000" m_c="0.000000" m_d="1.000000" m_tx="-50.500000" m_ty="-52.454960"/>
  </frame>
  <frame idx="125" w="122" h="124" x="-10.500000" y="-12.454960">
   <element name="lewd_cen" layername="lewd_cen" frame="0" z_index="3" m_a="1.000000" m_b="0.000000" m_c="0.000000" m_d="1.000000" m_tx="-50.500000" m_ty="-52.454960"/>
  </frame>
  <frame idx="150" w="122" h="124" x="-10.500000" y="-12.454960">
   <element name="lewd_cen" layername="lewd_cen" frame="0" z_index="3" m_a="1.000000" m_b="0.000000" m_c="0.000000" m_d="1.000000" m_tx="-50.500000" m_ty="-52.454960"/>
  </frame>
  <frame idx="175" w="122" h="124" x="-10.500000" y="-12.454960">
   <element name="lewd_cen" layername="lewd_cen" frame="0" z_index="3" m_a="1.000000" m_b="0.000000" m_c="0.000000" m_d="1.000000" m_tx="-50.500000" m_ty="-52.454960"/>
  </frame>
  <frame idx="200" w="122" h="124" x="-10.500000" y="-12.454960">
   <element name="lewd_cen" layername="lewd_cen" frame="0" z_index="3" m_a="1.000000" m_b="0.000000" m_c="0.000000" m_d="1.000000" m_tx="-50.500000" m_ty="-52.454960"/>
  </frame>
  <frame idx="225" w="122" h="124" x="-10.500000" y="-12.454960">
   <element name="lewd_cen" layername="lewd_cen" frame="0" z_index="3" m_a="1.000000" m_b="0.000000" m_c="0.000000" m_d="1.000000" m_tx="-50.500000" m_ty="-52.454960"/>
  </frame>
  <frame idx="250" w="122" h="124" x="-10.500000" y="-12.454960">
   <element name="lewd_cen" layername="lewd_cen" frame="0" z_index="3" m_a="1.000000" m_b="0.000000" m_c="0.000000" m_d="1.000000" m_tx="-50.500000" m_ty="-52.454960"/>
  </frame>
  <frame idx="275" w="122" h="124" x="-10.500000" y="-12.454960">
   <element name="lewd_cen" layername="lewd_cen" frame="0" z_index="3" m_a="1.000000" m_b="0.000000" m_c="0.000000" m_d="1.000000" m_tx="-50.500000" m_ty="-52.454960"/>
  </frame>
  <frame idx="300" w="122" h="124" x="-10.500000" y="-12.454960">
   <element name="lewd_cen" layername="lewd_cen" frame="0" z_index="3" m_a="1.000000" m_b="0.000000" m_c="0.000000" m_d="1.000000" m_tx="-50.500000" m_ty="-52.454960"/>
  </frame>
  <frame idx="325" w="122" h="124" x="-10.500000" y="-12.454960">
   <element name="lewd_cen" layername="lewd_cen" frame="0" z_index="3" m_a="1.000000" m_b="0.000000" m_c="0.000000" m_d="1.000000" m_tx="-50.500000" m_ty="-52.454960"/>
  </frame>
  <frame idx="350" w="122" h="124" x="-10.500000" y="-12.454960">
   <element name="lewd_cen" layername="lewd_cen" frame="0" z_index="3" m_a="1.000000" m_b="0.000000" m_c="0.000000" m_d="1.000000" m_tx="-50.500000" m_ty="-52.454960"/>
  </frame>
  <frame idx="375" w="122" h="124" x="-10.500000" y="-12.454960">
   <element name="lewd_cen" layername="lewd_cen" frame="0" z_index="3" m_a="1.000000" m_b="0.000000" m_c="0.000000" m_d="1.000000" m_tx="-50.500000" m_ty="-52.454960"/>
  </frame>
  <frame idx="400" w="122" h="124" x="-10.500000" y="-12.454960">
   <element name="lewd_cen" layername="lewd_cen" frame="0" z_index="3" m_a="1.000000" m_b="0.000000" m_c="0.000000" m_d="1.000000" m_tx="-50.500000" m_ty="-52.454960"/>
  </frame>
  <frame idx="425" w="122" h="124" x="-10.500000" y="-12.454960">
   <element name="lewd_cen" layername="lewd_cen" frame="0" z_index="3" m_a="1.000000" m_b="0.000000" m_c="0.000000" m_d="1.000000" m_tx="-50.500000" m_ty="-52.454960"/>
  </frame>
  <frame idx="450" w="122" h="124" x="-10.500000" y="-12.454960">
   <element name="lewd_cen" layername="lewd_cen" frame="0" z_index="3" m_a="1.000000" m_b="0.000000" m_c="0.000000" m_d="1.000000" m_tx="-50.500000" m_ty="-52.454960"/>
  </frame>
  <frame idx="475" w="122" h="124" x="-10.500000" y="-12.454960">
   <element name="lewd_cen" layername="lewd_cen" frame="0" z_index="3" m_a="1.000000" m_b="0.000000" m_c="0.000000" m_d="1.000000" m_tx="-50.500000" m_ty="-52.454960"/>
  </frame>
  <frame idx="500" w="122" h="124" x="-10.500000" y="-12.454960">
   <element name="lewd_cen" layername="lewd_cen" frame="0" z_index="3" m_a="1.000000" m_b="0.000000" m_c="0.000000" m_d="1.000000" m_tx="-50.500000" m_ty="-52.454960"/>
  </frame>
  <frame idx="525" w="122" h="124" x="-10.500000" y="-12.454960">
   <element name="lewd_cen" layername="lewd_cen" frame="0" z_index="3" m_a="1.000000" m_b="0.000000" m_c="0.000000" m_d="1.000000" m_tx="-50.500000" m_ty="-52.454960"/>
  </frame>
  <frame idx="550" w="122" h="124" x="-10.500000" y="-12.454960">
   <element name="lewd_cen" layername="lewd_cen" frame="0" z_index="3" m_a="1.000000" m_b="0.000000" m_c="0.000000" m_d="1.000000" m_tx="-50.500000" m_ty="-52.454960"/>
  </frame>
  <frame idx="575" w="122" h="124" x="-10.500000" y="-12.454960">
   <element name="lewd_cen" layername="lewd_cen" frame="0" z_index="3" m_a="1.000000" m_b="0.000000" m_c="0.000000" m_d="1.000000" m_tx="-50.500000" m_ty="-52.454960"/>
  </frame>
  <frame idx="600" w="122" h="124" x="-10.500000" y="-12.454960">
   <element name="lewd_cen" layername="lewd_cen" frame="0" z_index="3" m_a="1.000000" m_b="0.000000" m_c="0.000000" m_d="1.000000" m_tx="-50.500000" m_ty="-52.454960"/>
  </frame>
  <frame idx="625" w="122" h="124" x="-10.500000" y="-12.454960">
   <element name="lewd_cen" layername="lewd_cen" frame="0" z_index="3" m_a="1.000000" m_b="0.000000" m_c="0.000000" m_d="1.000000" m_tx="-50.500000" m_ty="-52.454960"/>
  </frame>
  <frame idx="650" w="122" h="124" x="-10.500000" y="-12.454960">
   <element name="lewd_cen" layername="lewd_cen" frame="0" z_index="3" m_a="1.000000" m_b="0.000000" m_c="0.000000" m_d="1.000000" m_tx="-50.500000" m_ty="-52.454960"/>
  </frame>
  <frame idx="675" w="122" h="124" x="-10.500000" y="-12.454960">
   <element name="lewd_cen" layername="lewd_cen" frame="0" z_index="3" m_a="1.000000" m_b="0.000000" m_c="0.000000" m_d="1.000000" m_tx="-50.500000" m_ty="-52.454960"/>
  </frame>
  <frame idx="700" w="122" h="124" x="-10.500000" y="-12.454960">
   <element name="lewd_cen" layername="lewd_cen" frame="0" z_index="3" m_a="1.000000" m_b="0.000000" m_c="0.000000" m_d="1.000000" m_tx="-50.500000" m_ty="-52.454960"/>
  </frame>
  <frame idx="725" w="122" h="124" x="-10.500000" y="-12.454960">
   <element name="lewd_cen" layername="lewd_cen" frame="0" z_index="3" m_a="1.000000" m_b="0.000000" m_c="0.000000" m_d="1.000000" m_tx="-50.500000" m_ty="-52.454960"/>
  </frame>
  <frame idx="750" w="122" h="124" x="-10.500000" y="-12.454960">
   <element name="lewd_cen" layername="lewd_cen" frame="0" z_index="3" m_a="1.000000" m_b="0.000000" m_c="0.000000" m_d="1.000000" m_tx="-50.500000" m_ty="-52.454960"/>
  </frame>
  <frame idx="775" w="122" h="124" x="-10.500000" y="-12.454960">
   <element name="lewd_cen" layername="lewd_cen" frame="0" z_index="3" m_a="1.000000" m_b="0.000000" m_c="0.000000" m_d="1.000000" m_tx="-50.500000" m_ty="-52.454960"/>
  </frame>
  <frame idx="800" w="122" h="124" x="-10.500000" y="-12.454960">
   <element name="lewd_cen" layername="lewd_cen" frame="0" z_index="3" m_a="1.000000" m_b="0.000000" m_c="0.000000" m_d="1.000000" m_tx="-50.500000" m_ty="-52.454960"/>
  </frame>
  <frame idx="825" w="122" h="124" x="-10.500000" y="-12.454960">
   <element name="lewd_cen" layername="lewd_cen" frame="0" z_index="3" m_a="1.000000" m_b="0.000000" m_c="0.000000" m_d="1.000000" m_tx="-50.500000" m_ty="-52.454960"/>
  </frame>
  <frame idx="850" w="122" h="124" x="-10.500000" y="-12.454960">
   <element name="lewd_cen" layername="lewd_cen" frame="0" z_index="3" m_a="1.000000" m_b="0.000000" m_c="0.000000" m_d="1.000000" m_tx="-50.500000" m_ty="-52.454960"/>
  </frame>
  <frame idx="875" w="122" h="124" x="-10.500000" y="-12.454960">
   <element name="lewd_cen" layername="lewd_cen" frame="0" z_index="3" m_a="1.000000" m_b="0.000000" m_c="0.000000" m_d="1.000000" m_tx="-50.500000" m_ty="-52.454960"/>
  </frame>
  <frame idx="900" w="122" h="124" x="-10.500000" y="-12.454960">
   <element name="lewd_cen" layername="lewd_cen" frame="0" z_index="3" m_a="1.000000" m_b="0.000000" m_c="0.000000" m_d="1.000000" m_tx="-50.500000" m_ty="-52.454960"/>
  </frame>
  <frame idx="925" w="122" h="124" x="-10.500000" y="-12.454960">
   <element name="lewd_cen" layername="lewd_cen" frame="0" z_index="3" m_a="1.000000" m_b="0.000000" m_c="0.000000" m_d="1.000000" m_tx="-50.500000" m_ty="-52.454960"/>
  </frame>
  <frame idx="950" w="122" h="124" x="-10.500000" y="-12.454960">
   <element name="lewd_cen" layername="lewd_cen" frame="0" z_index="3" m_a="1.000000" m_b="0.000000" m_c="0.000000" m_d="1.000000" m_tx="-50.500000" m_ty="-52.454960"/>
  </frame>
  <frame idx="975" w="122" h="124" x="-10.500000" y="-12.454960">
   <element name="lewd_cen" layername="lewd_cen" frame="0" z_index="3" m_a="1.000000" m_b="0.000000" m_c="0.000000" m_d="1.000000" m_tx="-50.500000" m_ty="-52.454960"/>
  </frame>
 </anim>
</Anims>
