<Anims>
 <anim name="DoYouWannaLickMyDick" root="warly_dick" numframes="1000" framerate="40">
  <frame idx="0" w="87" h="84" x="-7.971508" y="-28.601021">
   <element name="dick" layername="dick" frame="0" z_index="2" m_a="1.000000" m_b="0.000000" m_c="0.000000" m_d="1.000000" m_tx="-36.471508" m_ty="-45.601021"/>
  </frame>
  <frame idx="25" w="87" h="84" x="-7.971508" y="-28.601021">
   <element name="dick" layername="dick" frame="0" z_index="2" m_a="1.000000" m_b="0.000000" m_c="0.000000" m_d="1.000000" m_tx="-36.471508" m_ty="-45.601021"/>
  </frame>
  <frame idx="50" w="87" h="84" x="-7.971508" y="-28.601021">
   <element name="dick" layername="dick" frame="0" z_index="2" m_a="1.000000" m_b="0.000000" m_c="0.000000" m_d="1.000000" m_tx="-36.471508" m_ty="-45.601021"/>
  </frame>
  <frame idx="75" w="87" h="84" x="-7.971508" y="-28.601021">
   <element name="dick" layername="dick" frame="0" z_index="2" m_a="1.000000" m_b="0.000000" m_c="0.000000" m_d="1.000000" m_tx="-36.471508" m_ty="-45.601021"/>
  </frame>
  <frame idx="100" w="87" h="84" x="-7.971508" y="-28.601021">
   <element name="dick" layername="dick" frame="0" z_index="2" m_a="1.000000" m_b="0.000000" m_c="0.000000" m_d="1.000000" m_tx="-36.471508" m_ty="-45.601021"/>
  </frame>
  <frame idx="125" w="87" h="84" x="-7.971508" y="-28.601021">
   <element name="dick" layername="dick" frame="0" z_index="2" m_a="1.000000" m_b="0.000000" m_c="0.000000" m_d="1.000000" m_tx="-36.471508" m_ty="-45.601021"/>
  </frame>
  <frame idx="150" w="87" h="84" x="-7.971508" y="-28.601021">
   <element name="dick" layername="dick" frame="0" z_index="2" m_a="1.000000" m_b="0.000000" m_c="0.000000" m_d="1.000000" m_tx="-36.471508" m_ty="-45.601021"/>
  </frame>
  <frame idx="175" w="87" h="84" x="-7.971508" y="-28.601021">
   <element name="dick" layername="dick" frame="0" z_index="2" m_a="1.000000" m_b="0.000000" m_c="0.000000" m_d="1.000000" m_tx="-36.471508" m_ty="-45.601021"/>
  </frame>
  <frame idx="200" w="87" h="84" x="-7.971508" y="-28.601021">
   <element name="dick" layername="dick" frame="0" z_index="2" m_a="1.000000" m_b="0.000000" m_c="0.000000" m_d="1.000000" m_tx="-36.471508" m_ty="-45.601021"/>
  </frame>
  <frame idx="225" w="87" h="84" x="-7.971508" y="-28.601021">
   <element name="dick" layername="dick" frame="0" z_index="2" m_a="1.000000" m_b="0.000000" m_c="0.000000" m_d="1.000000" m_tx="-36.471508" m_ty="-45.601021"/>
  </frame>
  <frame idx="250" w="87" h="84" x="-7.971508" y="-28.601021">
   <element name="dick" layername="dick" frame="0" z_index="2" m_a="1.000000" m_b="0.000000" m_c="0.000000" m_d="1.000000" m_tx="-36.471508" m_ty="-45.601021"/>
  </frame>
  <frame idx="275" w="87" h="84" x="-7.971508" y="-28.601021">
   <element name="dick" layername="dick" frame="0" z_index="2" m_a="1.000000" m_b="0.000000" m_c="0.000000" m_d="1.000000" m_tx="-36.471508" m_ty="-45.601021"/>
  </frame>
  <frame idx="300" w="87" h="84" x="-7.971508" y="-28.601021">
   <element name="dick" layername="dick" frame="0" z_index="2" m_a="1.000000" m_b="0.000000" m_c="0.000000" m_d="1.000000" m_tx="-36.471508" m_ty="-45.601021"/>
  </frame>
  <frame idx="325" w="87" h="84" x="-7.971508" y="-28.601021">
   <element name="dick" layername="dick" frame="0" z_index="2" m_a="1.000000" m_b="0.000000" m_c="0.000000" m_d="1.000000" m_tx="-36.471508" m_ty="-45.601021"/>
  </frame>
  <frame idx="350" w="87" h="84" x="-7.971508" y="-28.601021">
   <element name="dick" layername="dick" frame="0" z_index="2" m_a="1.000000" m_b="0.000000" m_c="0.000000" m_d="1.000000" m_tx="-36.471508" m_ty="-45.601021"/>
  </frame>
  <frame idx="375" w="87" h="84" x="-7.971508" y="-28.601021">
   <element name="dick" layername="dick" frame="0" z_index="2" m_a="1.000000" m_b="0.000000" m_c="0.000000" m_d="1.000000" m_tx="-36.471508" m_ty="-45.601021"/>
  </frame>
  <frame idx="400" w="87" h="84" x="-7.971508" y="-28.601021">
   <element name="dick" layername="dick" frame="0" z_index="2" m_a="1.000000" m_b="0.000000" m_c="0.000000" m_d="1.000000" m_tx="-36.471508" m_ty="-45.601021"/>
  </frame>
  <frame idx="425" w="87" h="84" x="-7.971508" y="-28.601021">
   <element name="dick" layername="dick" frame="0" z_index="2" m_a="1.000000" m_b="0.000000" m_c="0.000000" m_d="1.000000" m_tx="-36.471508" m_ty="-45.601021"/>
  </frame>
  <frame idx="450" w="87" h="84" x="-7.971508" y="-28.601021">
   <element name="dick" layername="dick" frame="0" z_index="2" m_a="1.000000" m_b="0.000000" m_c="0.000000" m_d="1.000000" m_tx="-36.471508" m_ty="-45.601021"/>
  </frame>
  <frame idx="475" w="87" h="84" x="-7.971508" y="-28.601021">
   <element name="dick" layername="dick" frame="0" z_index="2" m_a="1.000000" m_b="0.000000" m_c="0.000000" m_d="1.000000" m_tx="-36.471508" m_ty="-45.601021"/>
  </frame>
  <frame idx="500" w="87" h="84" x="-7.971508" y="-28.601021">
   <element name="dick" layername="dick" frame="0" z_index="2" m_a="1.000000" m_b="0.000000" m_c="0.000000" m_d="1.000000" m_tx="-36.471508" m_ty="-45.601021"/>
  </frame>
  <frame idx="525" w="87" h="84" x="-7.971508" y="-28.601021">
   <element name="dick" layername="dick" frame="0" z_index="2" m_a="1.000000" m_b="0.000000" m_c="0.000000" m_d="1.000000" m_tx="-36.471508" m_ty="-45.601021"/>
  </frame>
  <frame idx="550" w="87" h="84" x="-7.971508" y="-28.601021">
   <element name="dick" layername="dick" frame="0" z_index="2" m_a="1.000000" m_b="0.000000" m_c="0.000000" m_d="1.000000" m_tx="-36.471508" m_ty="-45.601021"/>
  </frame>
  <frame idx="575" w="87" h="84" x="-7.971508" y="-28.601021">
   <element name="dick" layername="dick" frame="0" z_index="2" m_a="1.000000" m_b="0.000000" m_c="0.000000" m_d="1.000000" m_tx="-36.471508" m_ty="-45.601021"/>
  </frame>
  <frame idx="600" w="87" h="84" x="-7.971508" y="-28.601021">
   <element name="dick" layername="dick" frame="0" z_index="2" m_a="1.000000" m_b="0.000000" m_c="0.000000" m_d="1.000000" m_tx="-36.471508" m_ty="-45.601021"/>
  </frame>
  <frame idx="625" w="87" h="84" x="-7.971508" y="-28.601021">
   <element name="dick" layername="dick" frame="0" z_index="2" m_a="1.000000" m_b="0.000000" m_c="0.000000" m_d="1.000000" m_tx="-36.471508" m_ty="-45.601021"/>
  </frame>
  <frame idx="650" w="87" h="84" x="-7.971508" y="-28.601021">
   <element name="dick" layername="dick" frame="0" z_index="2" m_a="1.000000" m_b="0.000000" m_c="0.000000" m_d="1.000000" m_tx="-36.471508" m_ty="-45.601021"/>
  </frame>
  <frame idx="675" w="87" h="84" x="-7.971508" y="-28.601021">
   <element name="dick" layername="dick" frame="0" z_index="2" m_a="1.000000" m_b="0.000000" m_c="0.000000" m_d="1.000000" m_tx="-36.471508" m_ty="-45.601021"/>
  </frame>
  <frame idx="700" w="87" h="84" x="-7.971508" y="-28.601021">
   <element name="dick" layername="dick" frame="0" z_index="2" m_a="1.000000" m_b="0.000000" m_c="0.000000" m_d="1.000000" m_tx="-36.471508" m_ty="-45.601021"/>
  </frame>
  <frame idx="725" w="87" h="84" x="-7.971508" y="-28.601021">
   <element name="dick" layername="dick" frame="0" z_index="2" m_a="1.000000" m_b="0.000000" m_c="0.000000" m_d="1.000000" m_tx="-36.471508" m_ty="-45.601021"/>
  </frame>
  <frame idx="750" w="87" h="84" x="-7.971508" y="-28.601021">
   <element name="dick" layername="dick" frame="0" z_index="2" m_a="1.000000" m_b="0.000000" m_c="0.000000" m_d="1.000000" m_tx="-36.471508" m_ty="-45.601021"/>
  </frame>
  <frame idx="775" w="87" h="84" x="-7.971508" y="-28.601021">
   <element name="dick" layername="dick" frame="0" z_index="2" m_a="1.000000" m_b="0.000000" m_c="0.000000" m_d="1.000000" m_tx="-36.471508" m_ty="-45.601021"/>
  </frame>
  <frame idx="800" w="87" h="84" x="-7.971508" y="-28.601021">
   <element name="dick" layername="dick" frame="0" z_index="2" m_a="1.000000" m_b="0.000000" m_c="0.000000" m_d="1.000000" m_tx="-36.471508" m_ty="-45.601021"/>
  </frame>
  <frame idx="825" w="87" h="84" x="-7.971508" y="-28.601021">
   <element name="dick" layername="dick" frame="0" z_index="2" m_a="1.000000" m_b="0.000000" m_c="0.000000" m_d="1.000000" m_tx="-36.471508" m_ty="-45.601021"/>
  </frame>
  <frame idx="850" w="87" h="84" x="-7.971508" y="-28.601021">
   <element name="dick" layername="dick" frame="0" z_index="2" m_a="1.000000" m_b="0.000000" m_c="0.000000" m_d="1.000000" m_tx="-36.471508" m_ty="-45.601021"/>
  </frame>
  <frame idx="875" w="87" h="84" x="-7.971508" y="-28.601021">
   <element name="dick" layername="dick" frame="0" z_index="2" m_a="1.000000" m_b="0.000000" m_c="0.000000" m_d="1.000000" m_tx="-36.471508" m_ty="-45.601021"/>
  </frame>
  <frame idx="900" w="87" h="84" x="-7.971508" y="-28.601021">
   <element name="dick" layername="dick" frame="0" z_index="2" m_a="1.000000" m_b="0.000000" m_c="0.000000" m_d="1.000000" m_tx="-36.471508" m_ty="-45.601021"/>
  </frame>
  <frame idx="925" w="87" h="84" x="-7.971508" y="-28.601021">
   <element name="dick" layername="dick" frame="0" z_index="2" m_a="1.000000" m_b="0.000000" m_c="0.000000" m_d="1.000000" m_tx="-36.471508" m_ty="-45.601021"/>
  </frame>
  <frame idx="950" w="87" h="84" x="-7.971508" y="-28.601021">
   <element name="dick" layername="dick" frame="0" z_index="2" m_a="1.000000" m_b="0.000000" m_c="0.000000" m_d="1.000000" m_tx="-36.471508" m_ty="-45.601021"/>
  </frame>
  <frame idx="975" w="87" h="84" x="-7.971508" y="-28.601021">
   <element name="dick" layername="dick" frame="0" z_index="2" m_a="1.000000" m_b="0.000000" m_c="0.000000" m_d="1.000000" m_tx="-36.471508" m_ty="-45.601021"/>
  </frame>
 </anim>
 <anim name="swap" root="warly_dick" numframes="1000" framerate="40">
  <frame idx="0" w="130" h="176" x="-9.999546" y="-83.923531">
   <element name="swap_body_tall" layername="SWAP_BODY_TALL" frame="0" z_index="2" m_a="1.000000" m_b="0.000000" m_c="0.000000" m_d="1.000000" m_tx="0.750000" m_ty="-44.299000"/>
  </frame>
  <frame idx="25" w="130" h="176" x="-9.999546" y="-83.923531">
   <element name="swap_body_tall" layername="SWAP_BODY_TALL" frame="0" z_index="2" m_a="1.000000" m_b="0.000000" m_c="0.000000" m_d="1.000000" m_tx="0.750000" m_ty="-44.299000"/>
  </frame>
  <frame idx="50" w="130" h="176" x="-9.999546" y="-83.923531">
   <element name="swap_body_tall" layername="SWAP_BODY_TALL" frame="0" z_index="2" m_a="1.000000" m_b="0.000000" m_c="0.000000" m_d="1.000000" m_tx="0.750000" m_ty="-44.299000"/>
  </frame>
  <frame idx="75" w="130" h="176" x="-9.999546" y="-83.923531">
   <element name="swap_body_tall" layername="SWAP_BODY_TALL" frame="0" z_index="2" m_a="1.000000" m_b="0.000000" m_c="0.000000" m_d="1.000000" m_tx="0.750000" m_ty="-44.299000"/>
  </frame>
  <frame idx="100" w="130" h="176" x="-9.999546" y="-83.923531">
   <element name="swap_body_tall" layername="SWAP_BODY_TALL" frame="0" z_index="2" m_a="1.000000" m_b="0.000000" m_c="0.000000" m_d="1.000000" m_tx="0.750000" m_ty="-44.299000"/>
  </frame>
  <frame idx="125" w="130" h="176" x="-9.999546" y="-83.923531">
   <element name="swap_body_tall" layername="SWAP_BODY_TALL" frame="0" z_index="2" m_a="1.000000" m_b="0.000000" m_c="0.000000" m_d="1.000000" m_tx="0.750000" m_ty="-44.299000"/>
  </frame>
  <frame idx="150" w="130" h="176" x="-9.999546" y="-83.923531">
   <element name="swap_body_tall" layername="SWAP_BODY_TALL" frame="0" z_index="2" m_a="1.000000" m_b="0.000000" m_c="0.000000" m_d="1.000000" m_tx="0.750000" m_ty="-44.299000"/>
  </frame>
  <frame idx="175" w="130" h="176" x="-9.999546" y="-83.923531">
   <element name="swap_body_tall" layername="SWAP_BODY_TALL" frame="0" z_index="2" m_a="1.000000" m_b="0.000000" m_c="0.000000" m_d="1.000000" m_tx="0.750000" m_ty="-44.299000"/>
  </frame>
  <frame idx="200" w="130" h="176" x="-9.999546" y="-83.923531">
   <element name="swap_body_tall" layername="SWAP_BODY_TALL" frame="0" z_index="2" m_a="1.000000" m_b="0.000000" m_c="0.000000" m_d="1.000000" m_tx="0.750000" m_ty="-44.299000"/>
  </frame>
  <frame idx="225" w="130" h="176" x="-9.999546" y="-83.923531">
   <element name="swap_body_tall" layername="SWAP_BODY_TALL" frame="0" z_index="2" m_a="1.000000" m_b="0.000000" m_c="0.000000" m_d="1.000000" m_tx="0.750000" m_ty="-44.299000"/>
  </frame>
  <frame idx="250" w="130" h="176" x="-9.999546" y="-83.923531">
   <element name="swap_body_tall" layername="SWAP_BODY_TALL" frame="0" z_index="2" m_a="1.000000" m_b="0.000000" m_c="0.000000" m_d="1.000000" m_tx="0.750000" m_ty="-44.299000"/>
  </frame>
  <frame idx="275" w="130" h="176" x="-9.999546" y="-83.923531">
   <element name="swap_body_tall" layername="SWAP_BODY_TALL" frame="0" z_index="2" m_a="1.000000" m_b="0.000000" m_c="0.000000" m_d="1.000000" m_tx="0.750000" m_ty="-44.299000"/>
  </frame>
  <frame idx="300" w="130" h="176" x="-9.999546" y="-83.923531">
   <element name="swap_body_tall" layername="SWAP_BODY_TALL" frame="0" z_index="2" m_a="1.000000" m_b="0.000000" m_c="0.000000" m_d="1.000000" m_tx="0.750000" m_ty="-44.299000"/>
  </frame>
  <frame idx="325" w="130" h="176" x="-9.999546" y="-83.923531">
   <element name="swap_body_tall" layername="SWAP_BODY_TALL" frame="0" z_index="2" m_a="1.000000" m_b="0.000000" m_c="0.000000" m_d="1.000000" m_tx="0.750000" m_ty="-44.299000"/>
  </frame>
  <frame idx="350" w="130" h="176" x="-9.999546" y="-83.923531">
   <element name="swap_body_tall" layername="SWAP_BODY_TALL" frame="0" z_index="2" m_a="1.000000" m_b="0.000000" m_c="0.000000" m_d="1.000000" m_tx="0.750000" m_ty="-44.299000"/>
  </frame>
  <frame idx="375" w="130" h="176" x="-9.999546" y="-83.923531">
   <element name="swap_body_tall" layername="SWAP_BODY_TALL" frame="0" z_index="2" m_a="1.000000" m_b="0.000000" m_c="0.000000" m_d="1.000000" m_tx="0.750000" m_ty="-44.299000"/>
  </frame>
  <frame idx="400" w="130" h="176" x="-9.999546" y="-83.923531">
   <element name="swap_body_tall" layername="SWAP_BODY_TALL" frame="0" z_index="2" m_a="1.000000" m_b="0.000000" m_c="0.000000" m_d="1.000000" m_tx="0.750000" m_ty="-44.299000"/>
  </frame>
  <frame idx="425" w="130" h="176" x="-9.999546" y="-83.923531">
   <element name="swap_body_tall" layername="SWAP_BODY_TALL" frame="0" z_index="2" m_a="1.000000" m_b="0.000000" m_c="0.000000" m_d="1.000000" m_tx="0.750000" m_ty="-44.299000"/>
  </frame>
  <frame idx="450" w="130" h="176" x="-9.999546" y="-83.923531">
   <element name="swap_body_tall" layername="SWAP_BODY_TALL" frame="0" z_index="2" m_a="1.000000" m_b="0.000000" m_c="0.000000" m_d="1.000000" m_tx="0.750000" m_ty="-44.299000"/>
  </frame>
  <frame idx="475" w="130" h="176" x="-9.999546" y="-83.923531">
   <element name="swap_body_tall" layername="SWAP_BODY_TALL" frame="0" z_index="2" m_a="1.000000" m_b="0.000000" m_c="0.000000" m_d="1.000000" m_tx="0.750000" m_ty="-44.299000"/>
  </frame>
  <frame idx="500" w="130" h="176" x="-9.999546" y="-83.923531">
   <element name="swap_body_tall" layername="SWAP_BODY_TALL" frame="0" z_index="2" m_a="1.000000" m_b="0.000000" m_c="0.000000" m_d="1.000000" m_tx="0.750000" m_ty="-44.299000"/>
  </frame>
  <frame idx="525" w="130" h="176" x="-9.999546" y="-83.923531">
   <element name="swap_body_tall" layername="SWAP_BODY_TALL" frame="0" z_index="2" m_a="1.000000" m_b="0.000000" m_c="0.000000" m_d="1.000000" m_tx="0.750000" m_ty="-44.299000"/>
  </frame>
  <frame idx="550" w="130" h="176" x="-9.999546" y="-83.923531">
   <element name="swap_body_tall" layername="SWAP_BODY_TALL" frame="0" z_index="2" m_a="1.000000" m_b="0.000000" m_c="0.000000" m_d="1.000000" m_tx="0.750000" m_ty="-44.299000"/>
  </frame>
  <frame idx="575" w="130" h="176" x="-9.999546" y="-83.923531">
   <element name="swap_body_tall" layername="SWAP_BODY_TALL" frame="0" z_index="2" m_a="1.000000" m_b="0.000000" m_c="0.000000" m_d="1.000000" m_tx="0.750000" m_ty="-44.299000"/>
  </frame>
  <frame idx="600" w="130" h="176" x="-9.999546" y="-83.923531">
   <element name="swap_body_tall" layername="SWAP_BODY_TALL" frame="0" z_index="2" m_a="1.000000" m_b="0.000000" m_c="0.000000" m_d="1.000000" m_tx="0.750000" m_ty="-44.299000"/>
  </frame>
  <frame idx="625" w="130" h="176" x="-9.999546" y="-83.923531">
   <element name="swap_body_tall" layername="SWAP_BODY_TALL" frame="0" z_index="2" m_a="1.000000" m_b="0.000000" m_c="0.000000" m_d="1.000000" m_tx="0.750000" m_ty="-44.299000"/>
  </frame>
  <frame idx="650" w="130" h="176" x="-9.999546" y="-83.923531">
   <element name="swap_body_tall" layername="SWAP_BODY_TALL" frame="0" z_index="2" m_a="1.000000" m_b="0.000000" m_c="0.000000" m_d="1.000000" m_tx="0.750000" m_ty="-44.299000"/>
  </frame>
  <frame idx="675" w="130" h="176" x="-9.999546" y="-83.923531">
   <element name="swap_body_tall" layername="SWAP_BODY_TALL" frame="0" z_index="2" m_a="1.000000" m_b="0.000000" m_c="0.000000" m_d="1.000000" m_tx="0.750000" m_ty="-44.299000"/>
  </frame>
  <frame idx="700" w="130" h="176" x="-9.999546" y="-83.923531">
   <element name="swap_body_tall" layername="SWAP_BODY_TALL" frame="0" z_index="2" m_a="1.000000" m_b="0.000000" m_c="0.000000" m_d="1.000000" m_tx="0.750000" m_ty="-44.299000"/>
  </frame>
  <frame idx="725" w="130" h="176" x="-9.999546" y="-83.923531">
   <element name="swap_body_tall" layername="SWAP_BODY_TALL" frame="0" z_index="2" m_a="1.000000" m_b="0.000000" m_c="0.000000" m_d="1.000000" m_tx="0.750000" m_ty="-44.299000"/>
  </frame>
  <frame idx="750" w="130" h="176" x="-9.999546" y="-83.923531">
   <element name="swap_body_tall" layername="SWAP_BODY_TALL" frame="0" z_index="2" m_a="1.000000" m_b="0.000000" m_c="0.000000" m_d="1.000000" m_tx="0.750000" m_ty="-44.299000"/>
  </frame>
  <frame idx="775" w="130" h="176" x="-9.999546" y="-83.923531">
   <element name="swap_body_tall" layername="SWAP_BODY_TALL" frame="0" z_index="2" m_a="1.000000" m_b="0.000000" m_c="0.000000" m_d="1.000000" m_tx="0.750000" m_ty="-44.299000"/>
  </frame>
  <frame idx="800" w="130" h="176" x="-9.999546" y="-83.923531">
   <element name="swap_body_tall" layername="SWAP_BODY_TALL" frame="0" z_index="2" m_a="1.000000" m_b="0.000000" m_c="0.000000" m_d="1.000000" m_tx="0.750000" m_ty="-44.299000"/>
  </frame>
  <frame idx="825" w="130" h="176" x="-9.999546" y="-83.923531">
   <element name="swap_body_tall" layername="SWAP_BODY_TALL" frame="0" z_index="2" m_a="1.000000" m_b="0.000000" m_c="0.000000" m_d="1.000000" m_tx="0.750000" m_ty="-44.299000"/>
  </frame>
  <frame idx="850" w="130" h="176" x="-9.999546" y="-83.923531">
   <element name="swap_body_tall" layername="SWAP_BODY_TALL" frame="0" z_index="2" m_a="1.000000" m_b="0.000000" m_c="0.000000" m_d="1.000000" m_tx="0.750000" m_ty="-44.299000"/>
  </frame>
  <frame idx="875" w="130" h="176" x="-9.999546" y="-83.923531">
   <element name="swap_body_tall" layername="SWAP_BODY_TALL" frame="0" z_index="2" m_a="1.000000" m_b="0.000000" m_c="0.000000" m_d="1.000000" m_tx="0.750000" m_ty="-44.299000"/>
  </frame>
  <frame idx="900" w="130" h="176" x="-9.999546" y="-83.923531">
   <element name="swap_body_tall" layername="SWAP_BODY_TALL" frame="0" z_index="2" m_a="1.000000" m_b="0.000000" m_c="0.000000" m_d="1.000000" m_tx="0.750000" m_ty="-44.299000"/>
  </frame>
  <frame idx="925" w="130" h="176" x="-9.999546" y="-83.923531">
   <element name="swap_body_tall" layername="SWAP_BODY_TALL" frame="0" z_index="2" m_a="1.000000" m_b="0.000000" m_c="0.000000" m_d="1.000000" m_tx="0.750000" m_ty="-44.299000"/>
  </frame>
  <frame idx="950" w="130" h="176" x="-9.999546" y="-83.923531">
   <element name="swap_body_tall" layername="SWAP_BODY_TALL" frame="0" z_index="2" m_a="1.000000" m_b="0.000000" m_c="0.000000" m_d="1.000000" m_tx="0.750000" m_ty="-44.299000"/>
  </frame>
  <frame idx="975" w="130" h="176" x="-9.999546" y="-83.923531">
   <element name="swap_body_tall" layername="SWAP_BODY_TALL" frame="0" z_index="2" m_a="1.000000" m_b="0.000000" m_c="0.000000" m_d="1.000000" m_tx="0.750000" m_ty="-44.299000"/>
  </frame>
 </anim>
</Anims>
